user_name,user_id,role,password,hashed_pwd
Anthony Bedi,571c7c41-b949-4ce8-b0c7-f5f5cc5c345e,citizen,anthony577,$2b$12$VursOCsqbRd3G49UY8HAp.4mLorFHIPxOLh2bHBsTGNKUtwd7PJqq
Yagnesh Sachdeva,5c4d33a7-e253-4bdb-b158-c875b9b1d4fc,citizen,yagnesh387,$2b$12$hQixBkUDTYO9JNVMajXaoegzjvdipmDx9yXvxBMOq2EhNQqNZN906
Laban Taneja,b3ecb40f-9387-4f9e-b86d-38f23bdd5cb1,official,laban473,$2b$12$MJqLLQfJTjxYvG/M06aSQO6kOde7Inp6bS2x9o7sqqI6atSiorPP2
Upasna Zacharia,486145b9-cd5b-4a91-bba5-ebbb86d1b50e,citizen,upasna738,$2b$12$dcDI855cG.3/AV9O3l6JiOvmTIv04vZbjYq.TqdBFsPgEcMkAaRBq
Qarin Chacko,7db0ca8a-e7a4-4433-8d68-263251dc1bca,official,qarin149,$2b$12$w4AaOzGlnL5Clowo6WhxwecDW4fS5Cboq7A2fuwgiNlJwkWAjye52
Chandresh Mane,629bf5d7-e305-4376-a581-6f31824d8daf,official,chandresh603,$2b$12$hHL1lfsQBLdT724QRODMee5zOTkSGgrqZYU5Mm3JddB8cm23nePJ.
Vinaya Jaggi,b594beb9-8d2a-4fe4-ac6b-57839b604036,citizen,vinaya240,$2b$12$cYcLOjN/x8dAHEr0UWQe/eakb7EeJpKagvEZEKihwSg0JuuBuXH3.
Onveer Jayaraman,fdd48196-8ac8-4fd2-8b94-7cb1a42c5c05,citizen,onveer372,$2b$12$k1dkdUnfltVKemDtdYZfxukbhkaAea7iLllRS/gW3LFHMF6.PJbF2
Krisha Borra,95d799bc-daba-48ee-892f-f559b972f2f2,official,krisha826,$2b$12$aMyA7gGHFf4Mjc8X2RhF.O3Re8Sm/HXynqkiVjyNu6MPeVJaRnVBW
Jeevika Ratti,8531c0b6-78c1-48d9-a8e3-f2b87800be84,citizen,jeevika889,$2b$12$klTMskkVuMr6XEvvca.R9.rzlk0rd3pRlWaRLyfxrSj7W7XEsY5KG
Ranbir Swamy,bf989d3b-d5b9-4bf0-bbaf-dc0474bcc1f9,citizen,ranbir764,$2b$12$ca8DjnB2mdUHbkYLNkhl3.HKC5dvG9nQEPxjfApvi1F2fvwwShIy.
Banjeet Jha,d363363c-b9e0-4d7e-8af6-6b25bf2ab3e1,citizen,banjeet875,$2b$12$L3Vc7Mx2z8TCjiT36795RORNsTNEIBiVVGqJrAkJIstj8CFkGgbQu
Mahika Radhakrishnan,a2880a43-d9b0-4499-95a5-d92d7df05450,citizen,mahika419,$2b$12$uLMunbXkBdZGoRU1ZCe86OA4Bl1h8TXaih6ndcMAxH0jHNtvSlS2e
Kamya Bandi,41a8ffce-ed8c-4d66-9820-271069b1200b,citizen,kamya195,$2b$12$Amx6Lfon0I2IVV7MIQFOJukhTVfNVah/RMk/bi3zHI0M8GTqT/xLG
Balendra Divan,f3037dbb-2fa2-4d63-9357-35fe0ce4e219,official,balendra368,$2b$12$EfEZ7t/ZKLK7WF4DW0mTdOE7Xgk4u6mcv5maisaD0cVp6S0hAnljC
Barkha Sheth,d84eaff7-d955-469e-afbf-7e478936560c,citizen,barkha613,$2b$12$7n0H6vqNu5.moGEsqetK..3TEQ1reukDpjqrJGN/eqVAOboyGuq4C
Nandini Zachariah,3ae924dd-2fa2-442f-8436-5b95ac5c72d7,citizen,nandini101,$2b$12$/jSvl/ZfMBiYQAgds87NZu5pYXchRgjOCCJnLaFxalbJK3Sd2gcaS
Kamala Badami,8921236b-605c-4177-b957-94ac3a4fbd76,citizen,kamala526,$2b$12$UtEJvWsozJhoXy4zCy7K2uoZduGwLJG0k2EYFFuyKD0fQ1doF0SYi
Onveer Divan,24ad56e6-5f67-433e-a06b-51f9acc3988c,citizen,onveer553,$2b$12$qqJNEnxGozhF9fYXsR9RN.uFsbjPHgBiTf9/4fllN6wQHLoTYt5oO
Pooja Karnik,1a0fdfc4-50a0-4d0a-ac93-3da1ae1cf21f,citizen,pooja344,$2b$12$SrhRq8wqiYxiLb0fspd21upszWln6/hGWVzFqUjZBpZTpldaAKm9C
Wriddhish Verma,4a17d488-569e-480d-8ca3-843de4d7f20c,citizen,wriddhish415,$2b$12$opPwJE9SfX.iJKz7EO1JT.WZCzWo67RZCN.FYme1t3Jnb1a8NO7Z.
Wridesh Zacharia,25c4a17d-1e49-40ad-8812-df440501d4d7,citizen,wridesh924,$2b$12$YMEc8YKt0tsW7Hm3ZK7er.6hGwP9KnlgpS1w5tUGnXtkmLIZ7Bj0q
Chatura Vala,22bf02f6-93aa-47e3-8aa8-454c218485e2,citizen,chatura993,$2b$12$ltsGUTjf/EisSXF374L7q.DM6ZrXOP8cYd4TRp6BHe72rrVhibh2y
Tripti Kara,938801d8-5edd-4071-9a5e-4e214da1007b,citizen,tripti182,$2b$12$J6603U.Q0V7joBsJahlz8uNFYeiT9PNFLj/Fksmi27yKk.azBBqNi
Imaran Hora,2ae79845-fd2b-4902-a2c9-fef1e91c9cf0,citizen,imaran373,$2b$12$HfiE.cNrMC95AvIbRhMbne39q7rqJ4Qez8wNfdTxiMLtlCRp7CCiG
Prisha Shere,db4e809d-68a1-468f-90ce-6ba1b1360363,citizen,prisha584,$2b$12$gIPnqflnTANebntPze1pAOoTocNPrz6uMK44daM5zGp8mF1CT7fUG
Teerth Bakshi,66cd23b2-8e3a-43c4-8646-7ba332d85006,citizen,teerth355,$2b$12$2nSZiVSytO3PNJsukXa0nuN150cop1EgV1wZtTIkcAvh2T/EKDdfO
Isaac Bahri,f2e9a0fe-7592-40f2-9fd1-63821f91f2b0,official,isaac610,$2b$12$En7/FvQ0h0wmjpQ4zNmQTOTCg7DoNCGw6U9zeT35ThliytxId.kk6
Chatresh Dara,e4be95f9-397c-4efd-9288-26280aedc187,citizen,chatresh521,$2b$12$mVmVJaQ7TCXxX7Uuxr4K.e.vbDcTVBkYtcnOBBG2JYYic8VXMQ1oK
Shaurya Saxena,2cb79278-d55e-487a-8463-4e52d6e201b0,citizen,shaurya640,$2b$12$BDp4fP096alQ7z7kEzhlR.ETXlqMQS4V0x6Qu8XOOBdeYQJeEaDlq
Rushil Nori,b40869c3-68f6-4dae-bafc-90dc74488a9e,citizen,rushil428,$2b$12$/6W3HWqjo0Rh48pP4gtgi.3QlRgGgwrYi6lCxTnXPGJh4drPG0pJq
Sanaya Gole,ea3c771b-e0e7-46a6-8cc8-b8ff29ca5b87,citizen,sanaya801,$2b$12$ijkw3soEvNTJHcbNSNxv6.CJ8qqLIrnCTRKUm//NSk69UHwUiE/li
Ekta Pant,ca0ca1f7-c9b7-4474-875d-8e1896ba7d23,citizen,ekta407,$2b$12$Zb/91BjllfnD5HCGkKfqIupqQ044Uq6rCLLFpCYCnOy7.SsPMFbIa
Vedika Datta,740b1e32-5f58-4ca8-845f-3eebd1644961,official,vedika200,$2b$12$OXn3DPUSP5vgX06KYVxLi.S9XUTp9uydppGLesvAKprF1.HjFwliy
Saumya Kumer,0a0bd053-bd9f-4e05-8965-1f3d7d47d9f1,official,saumya773,$2b$12$i.yid/X5A2PFkV3ycZO/Su7S7Ud2SB509UxyiPxcgPaDkvsiyoC3C
Lucky Kala,3e81171b-9210-4c5d-b7bd-08475e160e62,citizen,lucky501,$2b$12$6Cz6nnA4NvfVptV//R2qyO4MKfWK8jg0ykpQWNLg.8lPX5v9NurPC
Kritika Sanghvi,97432028-bd54-4511-9f59-98e3e3032a35,citizen,kritika917,$2b$12$lHtDO6JGYJ6zc0IUu1e8c.xIwj.YJAvjBiUVa50WYnj8loP4kjDLa
Widisha Mani,7c1544da-aed3-4a5e-bacf-a162c33e8a5b,official,widisha141,$2b$12$K0URHlGDJWZydAv2qPT1g.nfzghL9fjKnsErNGdq7pfLm7jucGySi
Yachana Kari,372d8e84-6212-41b3-ac6c-5bfefe4c1b21,citizen,yachana228,$2b$12$ZPZxMlwluI9MjsmSM2p9GemduAffP5MQntAWBc8MhX78xJ/vrUcYi
Irya Kashyap,7bcad1e8-f12a-429b-942b-17e660b743a3,citizen,irya572,$2b$12$CHV7BBwB7THQmQ1NIxyxyulOAixvVK1vKrETASHDi2FuJ6KO5G9/O
Yamini Saran,080231ed-d266-4bb1-8cfc-243dfe3bd09b,citizen,yamini764,$2b$12$79ZW/SDBnII8IQ.MVIi.2OS5i2F5L8qQ5lnNCwoHFgIDSUZ88QL3q
Urishilla Narayan,eb53fcd4-e197-40ae-b7a3-610660c3ce97,citizen,urishilla749,$2b$12$BafZWtoY1tc2vxd.tI/26uEwNZtXxmSj7bptJNP8oJepcxCr9xVqe
Anya Chand,40c98e1d-ed34-41f9-9037-e89b4e4d769f,citizen,anya962,$2b$12$lxQhRpBqyPU70hr3t7hPVuUWtwCBmWc3y7FxO8kfrsBW8FGZ5JAKS
Elijah Guha,90787552-fc21-457e-9e91-b3e426ea7bcf,citizen,elijah693,$2b$12$RLGVZeDTsEv5wkv8XCDr8.t6QKiaHYIkvHdG2jKizQPMLMLIhBhbS
Diya Trivedi,744ff76a-62dd-402b-a565-a682e44782e5,citizen,diya170,$2b$12$vaA7ou87UytdvrvxYRrAb.QIwPG72YGArE9Ei4XVrhyr.P6YNJG/S
Balhaar Prabhu,0e21bac0-2707-4452-aacb-780b95807081,citizen,balhaar234,$2b$12$.s.YY3CWq9a2hzQizLCBJ.9wz8.rYR8qNeni8PNIZlKiuNpAJUFEe
Garima Lad,01146df8-2190-4527-91a1-6c31af707e5a,official,garima174,$2b$12$7kZbxCPnMQ1zHwqhoVdIs.g0z55YWvnZL7rRdpEd5CME31An1unxe
Yutika Prashad,fb1ac437-2a17-47c9-b0b2-cb2894411029,official,yutika805,$2b$12$3cAUHr6Tl/Gqfn3I7XUUQuhUsGiaOymmvPcA1BTy9Z4/tc/bMU8Yi
Krishna Barad,294df070-a010-4f48-a014-1d197d460ec2,citizen,krishna207,$2b$12$lSmXGW8uAZir.n/MMaoBGuW2TnsiJigi0d/TVbKFAAuUuvPNSJmQy
Ira Prasad,5627b0c3-87cf-4f32-b0d8-f60fed91edf9,citizen,ira415,$2b$12$j1aHvTw8KGqT9D0OqZvnAuULUOzUJ3hS/rXosGNbJzVY1fGfU1OQO
Kamya Lala,a7b5c82c-ae20-4cb1-b7a7-5779f363da5a,citizen,kamya610,$2b$12$JjnsweRRf0bZptggz6CPf.Lb5IvLv2HC3ZLP9FYUUnXQL8NcMiDgK
Mitali Babu,deb4f46e-c227-485b-b08c-15c151460f9c,citizen,mitali332,$2b$12$fpiqHvT2ESLnvX38as0d1eYusarFXWyNi6Xug3cID3DbdDIp4dzGK
Krishna Andra,fbffe7c7-c1fe-4d3c-a505-05144d977b77,citizen,krishna701,$2b$12$lHvS/8LYp0FUS2ykYyjdMODyA6mGVnNBSRfw7AZUM1AOfl4uzCa5a
Arjun Murthy,e7e5afb5-86a3-467f-bf17-39629540cd01,citizen,arjun475,$2b$12$m5IyVDAE4OaRoUJg8iZ/wOjr3ekiKh6mBK8TSTVD3Lurhs9hgSpgq
Yash Rajan,4a015c4e-663b-4db8-8a30-c6f0da63f664,official,yash116,$2b$12$qBTI15j.QyGfKpndmZx4MuOdIMRKn5OJ/OpJLUui4S6JnR/pHBZYS
Victor Nagi,7af6be52-f5ca-4d86-85ed-9319b30f769d,citizen,victor216,$2b$12$Gik4tacuBPh.q45B6iRQE.IyIgqtEOwYQDXU0EfMZaLnmXrTP5/Y6
Elijah Datta,bd118646-a972-46c6-a662-f5c518201bd9,citizen,elijah220,$2b$12$imrH7cPGEXfdzb1IJ1.rrO.e2ARZvszTjcGXo4XCSW3gaZuXhFqBa
Ridhi Prabhu,be13d7d7-45b2-49d3-9e76-e0acdf1292ff,citizen,ridhi147,$2b$12$ZT9KGjQKPPky63Q6FYh4s.7Wd5ibkRjvqjtnELOxBjw0jOca/zL.q
Naksh Sodhi,662dd6b8-4122-4d7b-9aee-f8be33fb17cd,citizen,naksh722,$2b$12$hLLNd6NprOcVj1qUl0b3meqvQPEn90Pharpylg.dL/bkTp/6INbM.
Alka Kurian,d5659da6-57b7-4f41-b890-55142956db55,citizen,alka353,$2b$12$AKDxgPcns7uymsCiWsXiqOLz3cy/Gn4Cq.2IDNGa1Vz5vn4/K5PbK
Hitesh Kapadia,827bae97-c388-470c-bf15-ab3a08f6804e,official,hitesh559,$2b$12$0bMBkAL4E5pkrP0K7.aaW.lxUT7EsvHiqQK/VHSMYPyS75zq2WTyO
Oscar Walla,27b96ec5-8809-46e5-b5c0-53df6f0cf6ed,citizen,oscar629,$2b$12$/Bk5Wq3IgS/vpT0XscxjV.ldppDiooxGcbUGbCuf65fhIiKdGAzY.
Maanas Sibal,ccfa533e-669f-44a9-a099-75eeedb9d68c,citizen,maanas110,$2b$12$cZjgZdCWqP0SZeCUEqwgTuHK0C5sTViRDe4y8piVuUIocb4QxkwkK
Shravya Solanki,9af390ec-3846-4a7d-8ab7-656e30af1222,citizen,shravya679,$2b$12$B9pgn81GZsNY0D6EPpkz/ul.e9f7h.LQu4cc7CuDuZs.JWEMnFJR2
Ronith Karnik,4fb23fbd-af87-433a-a23a-4ac341b245fd,citizen,ronith546,$2b$12$bx6DJdR0.l2uConJyOWxZ.l3MoAGbuWQFa5uW8zxV5S/PUu.yLh86
Rachit Tata,b68fb82e-020c-43d7-aa59-465f3492da13,citizen,rachit370,$2b$12$gVVNrUrjGvnEBkaq6q/0vO8WxflT4DsZR9j1xbxbg3BhqdQzXLaMy
Jacob Hora,e6bc213b-f74f-482c-b1ab-e687d0a0eb88,citizen,jacob778,$2b$12$awXFwy0.NtBDd7BHfb2wW.BAQ7PpbpFL8b6TxSPhD48Ma83PrR0jS
Jai Krishna,442cecf4-9ba3-4fea-a034-8743355b0640,citizen,jai196,$2b$12$BbctD96DidR9meoLT91dfuXAHXdlEyX8EJxhZdvWLbDQzrtdXe4fW
Gaurang Dutt,6d347759-b553-4cc4-b0be-e0788bead877,citizen,gaurang499,$2b$12$qtdhgL32NsSRNtrruY3RGeCznlZyS.hjOpCMl7a6UzSf6GOmPztDe
Samarth Grover,92c3b17d-99ac-4cf4-a2a7-916cfbe7f7c6,official,samarth318,$2b$12$MYrSRKYEg8af2xmR9e7BSOtFNispDdRKQeSJ/91m67VufvHSZTEJW
Utkarsh Lal,ce80088d-5c52-4c50-9848-d445a7301297,citizen,utkarsh201,$2b$12$p2ZhAETQo0DEplGqQtG28O8W62kJqDdXrfPmAUXTiEifLne2owqhm
Vedika Uppal,b511892e-063e-498e-9c81-b26e0217dc1a,citizen,vedika383,$2b$12$QHHEvahB9r3V0kKm1T7zhecheiUCvn8CVuth1zTCdUWX3ydXxGLpq
Zarna Wadhwa,746c70c7-8dff-48d6-a23b-6c72b081e47f,citizen,zarna845,$2b$12$bNT5QAnKulzecXzkuQkVXuH12DN7wOqUJkTjrkFR/AJoMh3T957Py
Unnati Bava,7bf53484-c80f-4acf-97c7-2593ee15c971,citizen,unnati224,$2b$12$moIJPSDcpSwi.9sTfNpmbee2scoxDJF.gF6.7JCuFLpT9z.fJ0l8O
Edhitha Banik,f5269569-991c-4e68-bd3f-e62b12ee0125,citizen,edhitha671,$2b$12$yKhFqDzuup990NQyeymd7etZo8aBxE2fTMQUw7JZL4Y/9NTkyfiEG
Aarini Char,c63d463b-1a6a-42ab-8a07-9481019a67a1,citizen,aarini390,$2b$12$OT5y1TAsXU3veUpRKfW9a.zM2oFmlcHG/A0aH4qLB03dqQ3xhDU/m
Bahadurjit Deep,8de522d9-69e1-48c5-9a7c-9ba640d01cdd,citizen,bahadurjit997,$2b$12$ZnoDZqgysnjGbEg18CbChOFCm.te4tEdpx2XHE.MkXKfpUcrm.E6q
Siya Choudhry,c3fda793-a0c5-42cc-850c-36360cada824,citizen,siya895,$2b$12$FYqt2Ot0oI2o2EMAjH/CeOxtJ4zB/Fl6y6zGaAocHZae8BxYyS27W
Kashish Munshi,a090ec19-928b-4a81-8fd5-29b9cc139a44,citizen,kashish514,$2b$12$mwKON3Ml1gJOQMVvAiewEOPQ3DF2SQNeEE1XA7Ry54Dn4wa4u4loO
Yashasvi Chad,30f7531e-8dfd-4c36-9bdc-6db02d072b81,official,yashasvi818,$2b$12$nAG0ibzGpTZ2dOiEKKlt7uH/COOow/O.lIFTWh5.x8.dUSTELG6gK
Kai Hayre,88a2a292-1cc9-45fb-b6a8-f5b80f9a4da7,citizen,kai196,$2b$12$imAoaLFK4KwRpoknFNKV5OJ8wM2X/qvILBViDT1bE6TYZP8epwgLO
Rishi Kalita,fb6e4ac2-6a9e-41d0-892e-b1cb7e22acd3,citizen,rishi955,$2b$12$qJZPT.OLSCMGKQeYw3kDTeomQqUMLhvMPt.KAMWSEVBp.cnjLJA6C
Jairaj Mall,f6f851eb-362d-4cff-b55a-48876130fbe7,citizen,jairaj510,$2b$12$.Osh7rhpVw1rvCoDt7EyOOt4mq16UjOVwbwjSwOqJ5fbLrQzFaGCi
Nicholas Kothari,c2ffcc45-6d75-47a7-8e9a-8b6f0d8b067e,citizen,nicholas952,$2b$12$L0CGf9.OBvVtG2WQXHOwn.T4IvCGEqDNba7xVe6tIHW7gcEMzd976
Inaya Mall,ba52f583-396e-4cd9-817d-6d3738b485f0,citizen,inaya894,$2b$12$RRnUQlzmsiYxxVpqxkfWDe5JWjqTkR05.M/lsMLJi0e/a4n4qBi36
Sai Dixit,2bf5119e-6931-44e3-bd5f-1326fc1e144d,citizen,sai745,$2b$12$0hqIvNWskq9uWSeS51Ysi.7vevt/Dc3O9scwpDOCwv5vmp.aruEuy
Devansh Nagar,c7b33a4f-8b2a-468d-a05c-8ab47d97345f,citizen,devansh887,$2b$12$02Yx0C1WTgRXSY3zzCqNFeVytZp9X8uL0m0.e8VLgiGZ3YDoswAS6
Parth Chawla,bdbb82b3-75ef-44df-9794-3712b5a4c318,citizen,parth550,$2b$12$oWx1Edkgpq9yMnfvyLRcUu5rCu4nsR9JgPFfvs806cT1lD3BMtpK2
Nitara Kalla,e9b38e51-0344-4a95-abf7-1fb70a8e64f2,citizen,nitara399,$2b$12$/jhVCFXNB6eVLONnf8YKR.iaNICt8BN.BwicMWUMZ1w6Jw2UqPtru
Naveen Som,5dd0d772-a014-46ed-86a8-a9a7736077bc,official,naveen161,$2b$12$MTGzGA8SM..Of/Clvqk3YOM4iY7fVmR9KIBILWMGTsUTchjKbYZgu
Irya Savant,abef4512-4ec3-43a7-bf11-4adb38f5a8ed,citizen,irya959,$2b$12$60cna4VQEyaUVUhqy9IkX.iwyePgX7jhXZMk6jlAL0Yf3MpgHtkSG
Ekani Taneja,16503ba1-aedc-4c9c-891e-a3f969ce9b93,citizen,ekani766,$2b$12$QSIYtZ7U4gr/5ZtHInPwaOjpA7IbowlsW99MN72lVFbT8brLFTkv2
Ishani Majumdar,f5283869-9fa8-4275-a3d7-3ba1815a17a3,citizen,ishani266,$2b$12$yuf8Mx2TpSw4iAemcdhNDe2j/JsIwKcThGJrCrRfQtY7q3ll3PNci
Falguni Soni,fbebc0b2-44a1-4ae3-8a0c-6309b476030e,citizen,falguni334,$2b$12$zc0HkAVfnDA0RPCozsUmTeiE.vJM2JCXCPY39.md0Xu9JzjsDIu12
Chakrika Choudhary,d87af04e-c689-419b-afcd-95ccd9df6362,citizen,chakrika176,$2b$12$tqNmzYB07/7jdIYx98SjXOj/2skVz728XLiRFhJGVZpKLMzvUCCoq
Lavanya Upadhyay,cfe988be-57fd-44bb-9b7a-6625d0f0bb5f,citizen,lavanya166,$2b$12$ilAD.IaiatVBR/W70ut4LuFgaoRPddSrGWaf4YwPJvvn4hW8Zb4rm
Ladli Thakur,a768a1fe-bb75-4765-903e-6685abecc2c8,citizen,ladli741,$2b$12$1J37Lyly0epTxuCSPvR7beDgclNWCORYgFpkbB2U2cNe/cRmAdRbW
Vinaya Pal,64d3b577-708a-481a-a998-c6cd7e347d71,citizen,vinaya365,$2b$12$Vf.bR.JMdGWa6WXCTM6ebO8A1gHXHXQsiGYGIH1PyVWWRqu0USBVC
Ayushman Aggarwal,1de89a07-14fe-4725-8cb8-e5d7ceea1821,citizen,ayushman779,$2b$12$H9n8Z.ZvecWuSN3vD7riBOvgy93sWMOOxLs.Kh1b/gCVtJt2fqbyC
Ayaan Sethi,bc464808-b2e6-40cb-a5ed-efbec0d23c66,citizen,ayaan553,$2b$12$Lr/TF08.LQ/Yv/1jnvtij.Ta415Uq2qU7.Snk56NvXHFhK7Txnv.G
Leela Vala,88a9e74a-46d6-4e28-98b2-a9979efd5a92,citizen,leela406,$2b$12$f4gTAxRfVAM03YPMTAPoe.9OFkPNYPbJ8JPL4SaM6jXpmOKWyHFFy
Qasim Bandi,e6feb7b8-a11c-4a3d-a5c5-260d15b109c6,citizen,qasim313,$2b$12$yieGnfQpafC7qUy6teRBxuIygSWKbyuSQD2Do5SK7VgXh0ew/7NEy
Anjali Seshadri,d1b0c9e5-f19c-458c-aa24-500d93444250,citizen,anjali892,$2b$12$kpXbdV50Gd/EWIAk4xoNaeQdJImHafp579R.XHNRXh0DxU39YEARi
Nicholas Gokhale,564a93c8-ba5b-4b80-8c14-a1832913e2b9,citizen,nicholas266,$2b$12$CYfQu/T4S47tLR4iEyPW/uWmDudiAWjB.Q0wbT5FBLMQwMpDXuVOm
Baghyawati Bhandari,44302b40-41e4-44f5-97e3-92eb3583da71,official,baghyawati407,$2b$12$0xJXstKhmwYzOTeA8yZI1.fyq2QsH.aydEh4ltopVouiQYL2U/nBe
Noah Chad,4e3d710c-3c85-4249-941b-aa740d4bb12f,citizen,noah627,$2b$12$.3p4uBBXqp488RfNAwOp0upqWzkJZzdV8Q.dRr/j0ny1vc0DHKdLW
Bhavna Ganesh,67b3e716-278a-41b1-8891-1700d1c9d4e8,citizen,bhavna504,$2b$12$CZyPdcJARlvgqtnBJHrOguq6FfjMZloiPFCe0KUuVPy0FJtJSuJCe
Radhika Mukhopadhyay,35a0e01c-8e9b-4c3b-abec-48bebb96e8d6,citizen,radhika716,$2b$12$M.ss/tP6TOGWKmkyFY9wCOkNb.Xx58unjVlJP1KBl3EtZiVKaRUgO
Janani Cherian,0c6b9807-8705-4865-b1ee-61c0a5ed69f4,official,janani165,$2b$12$4JwXGJUzh1EIwKGaCmf38efOc.HPWO7k6hT5NaBSjQCpxfJ6Ri2P2
Aarush Bajaj,79ca097f-a5d8-4319-a42f-98ee54f0a181,citizen,aarush530,$2b$12$CSOBR4QLjn.b/GDLIErwb.lGDuaKeYY04pNky9PUFf8vRVKMM.tAW
Ria Pillai,b3244ab4-00fb-4c49-9e3d-7102e56dfc8b,citizen,ria346,$2b$12$s1cif5IJSGE/5lbX3ffCVu6n1WZLGRdfMIEmtSZVfE49IvVG0qAnq
Daniel Ghosh,4f044f2b-154f-46fb-a67f-f4a4f4f6f008,citizen,daniel174,$2b$12$NA40JLiTgSqcLiwFd1OpJ.FzSUy6dEAWJpuixlDx5MtxzDoAMgA.q
Vivaan Kant,e2000a9c-95ae-4286-94b3-a4608652c591,citizen,vivaan773,$2b$12$nDh6kXBRQuQRdsX/nTPZ2.tMlxOZLBy13aHoGrobN1484SY/LbzR.
Varsha Wagle,31c9221e-9586-449a-8f2d-a6e6895cc30d,citizen,varsha645,$2b$12$fVTdMrVWUM8u7CRjrSqc4.O5GwQR/H.NzP9QW846iGDnPT.Xk8AOu
Tanvi Narayan,7d42f243-74ab-49e4-a6d6-fdfc06ccb6e1,citizen,tanvi421,$2b$12$hauiSpEp.bWSwlMtYFHmduFznsA33wMj9AqzY9kBFaxAdgFa071fa
Qabil Kanda,18982aaa-6ca7-4d08-ac6a-002cbe7b4270,citizen,qabil727,$2b$12$kfkyL2Bwml0A/ibwdjcNmuPKQrIlsrjWjHbdUZD1TYs7kams7awMu
Nathan Loke,11223519-e286-4b63-a139-9153b8a401a2,citizen,nathan366,$2b$12$/yaRyN8OL/CcpWG3ldwOKexgcPDamku97UUwmFnTE1RVG1DiElDSq
David Madan,804d67a9-377f-45ef-b428-17df748f1834,citizen,david700,$2b$12$TBRyhS3BCcTF3Pm7SRENTedPRGnUCdlp1HG6Qyizf5S8XzVqP2Oky
Raksha Chatterjee,9b92b260-afa6-4b15-936c-c6f3184d912c,citizen,raksha466,$2b$12$XAfMSmiidJZfSmA90enUPeld7jbuJTkDAjnj6nLsmPfXtSHSCKKPe
Arya Srinivasan,79c72b2e-2c8e-42a7-8d43-e06742bbc5e5,citizen,arya870,$2b$12$o/JUFTbVoGw55BqjdbI3luam9YxMbfDwzKJx7/At9JlCjZ0VPRQ5y
Daksha Mall,a05a7fb2-0a29-4f0c-9b81-90cd008165d7,citizen,daksha202,$2b$12$VouCEZ1G8iZLH77QZqw2p.ml7lVkmcr.NS4kp4jaaueXTWvRFcFwq
Pratyush Bhandari,91d6dcb1-d68f-4dde-918a-521af8ad7bf2,official,pratyush158,$2b$12$mfWYPaj.QuNJ12b/RmcBlu4jFQscmn40cJoW0.UeIy/QmlOn5vnP.
Watika Bansal,72fb8ad1-06be-438c-9891-cdb5591cdeec,citizen,watika280,$2b$12$tGfgaCgLKYXq38opaI9eEed9z0QZ2s8KEvvD8KnWu5nz3M./ZqZAG
Noah Sodhi,03591ffc-4876-4bc2-91fa-49256cb14b21,citizen,noah313,$2b$12$P3ZGg8DOJreqVeMYbqLzx.tyEttmvpRmgWhwiSR7Vw3PodtCJgSA.
Oni Pai,26533940-a999-4101-a1e0-346a7d2ab180,citizen,oni537,$2b$12$plNoGgNSyDGgsFxg60h3vutKEb/Fo/kqIgQjzvTFQkLdken6m.z7e
Ganga Zachariah,f20d944f-1c36-4299-b723-2351d92f3c97,citizen,ganga491,$2b$12$8VfT2eiDW96H20OPOuQ5Euf8akWY8VEyI0UDOe7jk.A1f04Y351D2
Rohan Mittal,b47d1f68-8bf0-418a-b13a-d923efc34094,citizen,rohan190,$2b$12$QLAnwIbWhvcnEDQZA4fUl.P6WWBWHr6gs4ChPvhASURoYIYalvM5G
Nathan Solanki,f0c63c38-df22-467b-9b18-38d37f4b544e,citizen,nathan286,$2b$12$V02YuLWg1Xqx48F9QOVjduFkGFGdzW/3vBq1wBAmZEGC2bpHTydqG
Arjun Yogi,b10e0693-0a9b-4b3c-8c63-321cb67040cf,official,arjun774,$2b$12$3suJahTyJ4/vN2PqXaouHuUfmWTIcJ6phsjhJp331O9BgPSCX4zWC
Fiyaz Krishnamurthy,79b6e6ec-542c-4435-86ad-3bb735c5d488,citizen,fiyaz599,$2b$12$5yXR5Uktu5yc3pzEvgm4I.EWNY/EDGWOrpSXl0z.8UKdsfNEaiUJ2
Qadim Chahal,2cb14b21-f44c-4613-8dde-2d7c1b907fd4,citizen,qadim435,$2b$12$j2Yp9dKsyUU58EqknTu4e.iSGUSNfThV0ElnSxcN0oqbuMHVihSWe
Saksham Deep,99ed0377-6cc9-4ed6-aed0-a09e25f1cdf2,citizen,saksham208,$2b$12$Xy7hfgtiOwwQDb20/V.gv.yEHiTEx9BrB2kc6JkLRWFiBOwNjKD/W
Zayan Goda,c1cf722a-c8c7-47c9-850d-c71c209424d5,official,zayan733,$2b$12$l76Jfo2KOkelL27g7a8Vrur1.6leO0feOVVhchTurnQs7rtr0D12u
Urvashi Sarna,61a37668-9e6b-4427-bcba-67f189cb1bac,official,urvashi445,$2b$12$uegxM5qugUvKucPjsSXBVuQxVLF1eN/fYgb3U5Y4OUIdQOmrEym.W
Chandresh Devan,fd413cc1-69ca-4e16-9c5d-b1d539317c3e,citizen,chandresh265,$2b$12$OcJD14cKpYA637Z1glOWzO1Q0NeYzJFNN.j7RrAUGqImxJuTId5.S
Omya Mammen,af110d90-79c0-498b-93cd-0e523d8c5ee7,official,omya294,$2b$12$5BaexGUcawfZhmHp0Idt3eCDv6gX8Y.CQWXAQo5KvP0SpWiFx89dS
Banjeet Zachariah,a1d7be50-5ed8-42a8-9815-3df4b349fffa,citizen,banjeet195,$2b$12$ZFicBL/Th7x7CXFd5xnwUuA68FLIY4OheCJ8regq0wwdq8MNAYfhK
Peter Zacharia,a12a0183-7c00-481d-8465-5e8dce7b8f3e,official,peter563,$2b$12$J1OfS1ZFkDbv85pr4sdxH.UNDjoBIgSYFEk4s2KLn9XSQAiu2qWYK
Harita Dhawan,c3614e1f-937e-4a56-b695-734d4c345be9,citizen,harita818,$2b$12$FK8v6aV1Py0eo9Q3vbqLSeElm5rnHY9lBxlfaXbnztvnSTiq01Oby
Ucchal Hans,32fde322-f9c0-4fee-b8a3-a2f173b10582,citizen,ucchal600,$2b$12$26uFBCRVU4OQc5.dqzMPcecR34yugQ76wo5JCkQImrQjirfrsYUIy
Anirudh Bhattacharyya,2fcf9313-a952-46c1-90f7-70be7040c795,citizen,anirudh918,$2b$12$ixHUwKyZh7cBPqta/Hw6p.ak8Sy31v5Scye9BEBugPXXUm5bsbOpm
Jackson Atwal,a446e474-fdfa-4c27-a76f-b30314feb218,official,jackson941,$2b$12$dml1l4bu/SmE8iCpXQetTetaaj1rBp8bNRK/6M4LXTmMu1.dnJW/a
Anita Deol,92432f1e-2fad-47f7-83db-21d47f7b2e01,official,anita952,$2b$12$RqnI1FyXFk.sKWm8PS8wD.85eA86POjhVmzNwh7H4VqFtPuS8yMom
Anya Zachariah,a6537afc-6022-4d5a-892c-9187cff0fce1,citizen,anya897,$2b$12$P2W63tsKF8ydywGlSmx0RO5wmqefSrYfIHYq9jOw7SmlX.fWZALB6
Urmi Mannan,60b62aa6-972a-430c-a6ae-dcf793f90d15,citizen,urmi674,$2b$12$W0JxgPlHVYs4mFFKMpMxVuZx7OJTWZmYVApfswLdKjQrwwr9ZVvo.
Panini Varma,375ec4f2-1792-43c6-86bb-5b8b1bab5052,citizen,panini797,$2b$12$eN3KNcsb0B.VD5dL.Ecbb.iRFV4xWh4d5hrFZpEBXDD7d3K4SvFhi
Sai Buch,52bd22ac-0aac-4871-bc75-a387cb5360c1,citizen,sai757,$2b$12$ZeD442fb5a0CYqETVOxJr.lNwQtZ5lrXyrC2B/pprjN4eAlKohxMu
Tamanna Mutti,95416b06-e66f-4aa1-aa21-9511c3eaf10d,citizen,tamanna364,$2b$12$5KNgYPvGgH4lT6pEqQ7NHOyEEyO9iV6QnaSELNLDZZChvAar0lkI.
Ekbal Chahal,665ea678-32a4-4010-abc7-11342f245d2c,citizen,ekbal226,$2b$12$2LOdLTJE.KPCh4xYNB93e.0iIA3w17.TN2e0eHDCIqeHNO6gXlXpG
Chandran Nadkarni,88506c34-0680-4e3c-8e26-70bcfdd7c7fe,citizen,chandran114,$2b$12$idkfDrHVIEN2jLckYI5ly.g3BW8ihWEU7MtMhMYW8jSZrI51lsTbi
Tanish Jaggi,e42e771c-5dd2-45eb-9e11-544cff8dd6d7,official,tanish838,$2b$12$ujIYXuUhWTdgKU13BeFDwOP/6Mx0hONlIaV6Zu/2IWei0knJKGvOe
Shivansh Memon,4610d5ad-1a38-41f5-8ba7-93c2a728cd17,citizen,shivansh114,$2b$12$1gQEveaVbF/9J8gsmgl3LuAUMX/FxP0Db.jrhQoRoAbvvGDkbml9a
Udant Padmanabhan,068049af-8f87-4b88-b763-f3072da42a3a,citizen,udant440,$2b$12$WiQ4M1ZZd9nPa7cVC6A3iul35YH5oMF7FhHHd8Y1YiEcQfcQMz2JO
Harrison Mall,a9d418b7-9fb4-4faa-841f-5a6781a8b6f0,citizen,harrison400,$2b$12$UjWrbS8KILMc0NhxIJt7s.eQrEC5ESrHRarbBM1PPSa4BMLy1x1Vm
Damyanti Dutta,7c2aaea4-a17c-448c-8ee4-aec436de5fa5,citizen,damyanti650,$2b$12$NElszqSw4lgPLZjLz2hH9O3C6NTYZFdMd4GyFg8Je6RF.Noa6E0DS
Unni Dhar,ad1ed203-ffaa-4685-a471-1f73c21c3c86,official,unni555,$2b$12$gVKUAgo260cThRfu3NeO1OaPXLT/Smdzvfihb382FHGJgzA/pn6fK
Sai Mital,8ced4d96-425f-4272-afa6-c3fdfb375019,citizen,sai520,$2b$12$/1eMH9rpD7pWZbm./v8FWeHHFVYOUMjQUyLXOQG3eY3k/JOgkFuTy
Gabriel Saxena,2daef1aa-da44-4ea2-81e4-df0a7bdc0a2e,citizen,gabriel229,$2b$12$5wQ9w.1aDTBkLb.iT/4yhOvlqIy8DSwufeY3Fk/uq4lpZOQuUBNk6
Siya Karnik,bafc54d8-0211-4ed9-8edd-9de7805c7e36,citizen,siya947,$2b$12$p5cYMoiQycUtaCzLw66ef.JlBBo4McJWm4hjfwKvsDT2YsyCBWa6m
Indali Sarkar,cff38318-f804-4043-9abb-177b4a128ddf,official,indali186,$2b$12$kTh3K2BB50LMIJnoojABCe/GhYzIEBDfWhSt6e.h59qpQoijFuJ4C
Omkaar Shroff,b1dd80a1-0cc7-4d5b-afdf-abf8f53e51d7,official,omkaar360,$2b$12$9aQDbF0i73llZNWqwcEWPeD.o6Uzm7jo8RtD.fZlib/a12ZGOyF3q
Damyanti Manne,5790ecd4-6411-47c5-a3de-5b394c156ab9,official,damyanti341,$2b$12$Ej7FPEDFpLXqwI4UMBiOl.LXDigVxGQ0giRCrmLKo4VsoHGt6UKTK
Bhavini Rastogi,7a97244d-2891-4204-9dc6-3dce902389f5,citizen,bhavini122,$2b$12$z8bfrzwCLuyPRxN0yXTXqeDurrje.ujdzu5hcwnXzRTpu2bCTi38e
Xavier Hari,6373ccbf-4d62-48e3-9b25-e5d8b5a92f42,citizen,xavier589,$2b$12$6pEWBGD0XljUrqLFeL7b1OixenJjk.GLjVlRsJq2yjBg9mx73oSWS
Eesha Mohanty,341b3f57-7fa6-4a0b-90a3-83ddad86c23e,citizen,eesha464,$2b$12$rE/YCyggCu6z8U0.X8LrtO22/xuYdwbZl3G9t0mLTAnycZlrSyz.2
Oni Talwar,6ae1fb6c-e5d1-48a0-88a7-3623d1657744,citizen,oni163,$2b$12$m51klxpf3qh8wVUuOQpgf.s3EPt4rQwwbmxwd3DrpXgFJIJGkyMMi
Sarthak Karpe,80b21440-47f8-4ca9-961d-7da0ba4f33d6,citizen,sarthak807,$2b$12$ZBfXwkoVZNTSKKYTEV52j.LcYHJ.a5ecLMRimQwfjm6wsaRkrikxK
Irya Dhawan,ee5d80bd-e3d5-4c59-b961-3ee42b6af370,citizen,irya432,$2b$12$4qfdP3EJKCyCk8ZExgmHqeQxgwGkGXIh.vhPqMKSVZ1p9tHTcS0MG
Wishi Deshpande,ca9e6d40-5313-4797-b672-0e730275de96,citizen,wishi351,$2b$12$VI/pYIoni9vbH96nZM1E3eevUSQyHKxiqKkediNRCyMYTL.u0u8KK
Jai Khosla,553edd77-ce2c-4c5d-a01b-039c28a52bc7,citizen,jai228,$2b$12$7I9rnNUV2sAAs5Cz8F6ejeLRoCTcTOf2gjhhQiUg6PjRl41UDdcnW
Samaksh Chakraborty,1342a389-2c3a-49d7-8916-9a1ef0b76a48,official,samaksh644,$2b$12$U0kVd5R5fq3AkM7me/4aOu20ejy7H8yJn/BaimW9ilcL53qHdHSIO
Gaurika Bajwa,ddc75a6d-cd85-4f07-8396-f3a3e1ec92e0,citizen,gaurika115,$2b$12$iOHsWXI.xzVpfZ8YfTBB7uAVgDw0Ao2JYmjQdNgGMgaGxiFbVKnd.
Kavya Gole,e27ea182-66e5-401c-8ae1-082c05f14581,citizen,kavya144,$2b$12$LdZtAddeJb11oTAtc5xtC.FFEN.7ThBMvUY9GrHdCkGjowUHwMx0a
Simon Bansal,3b8af1dd-6149-49ba-b13a-4df9a7bb568c,citizen,simon625,$2b$12$OtNPHpjYw7NvgRpvqOLJ8.HCT198PbdsEFXVkC9eCpdZvXSd0DaYK
Hritik Wable,c1e29cea-9e10-4c72-b3da-372298430d95,citizen,hritik304,$2b$12$K3hekrb3tOQh.7Br76a6FOj.Ry2PteY0puDAolAXRhCV9zpPZiI7q
Naksh Chatterjee,e062b3a4-f8f3-46cb-8e0a-c063db29627b,citizen,naksh656,$2b$12$TcT2BJ7676Rp5mdpBscuv.oIeTsUsPo1LpGwfSAmJt9.LDifefWVy
Amara Bobal,0a5b8c28-6f77-4bdc-87c9-8e15af027922,citizen,amara790,$2b$12$OehXJnwpR1M78IugFT9NduT0rb7QYUNxNmaLRmKwIiqoMYvaSGc06
Ayaan Atwal,588b9cb4-ecf8-4810-b99a-d29ddcbae470,citizen,ayaan979,$2b$12$FNSzwD/cltrssmdHBlB3U.xt1cxmJr6631.vdI62H1GyO.6/pb91G
Harish Chaudhari,8e57055f-70e9-4b94-a0ec-8fa165e73a76,citizen,harish391,$2b$12$pCgehnEnXsBA1A0HtQ23S.PhMnyjToRHxz4fH2qGieK7p771.ZUX.
Umang Badal,6599ab37-dbc4-4bc9-b174-dc3823c3275b,official,umang866,$2b$12$FTRpyDtqqESRnYiZv2QwA.N21d9GzJLdfB5Tw45xnJwx4dA1JYecC
Lekha Dixit,08715a24-7d9b-4e33-a361-288f03545f39,citizen,lekha638,$2b$12$Qf9kV2/ivogsoS5fEYKLuOFg8qxMTv9wkdJgi1zFhrO4BOE5C7QBa
Timothy Khare,7b598270-1d3e-4b78-851c-a433d68d94fe,citizen,timothy106,$2b$12$2DtOOjVJCUDJn6/yl22PvucTS4Uihj0VblzuvRsSoIbI6ALklMOi6
Kai Handa,8aaf1db8-20ce-4a0a-9898-41341d238b3b,citizen,kai614,$2b$12$1CZPhp.wUezSwBLiQtZ/EePgQMbay4Idb.vXUiStE8ruNQBf8i/lK
Urmi Vohra,d7054381-7412-41d8-889d-0010bc42aa0b,citizen,urmi662,$2b$12$Bzu0z.1p45vL7yHPM4oHzuHQGt7WAwfKFRNjFtSuz2DSQdB4ey5/y
Akshay Mukhopadhyay,b581f9fb-c493-42fc-9593-95f863fbb16c,citizen,akshay299,$2b$12$0NFo/mk6VhID8WKWjYamGe0/L2JzWQ.eCa6m2ZUF04aRBx.EuZL8y
Hemal Ramaswamy,0da25a6b-2660-4ae1-824e-bd36ea81cd67,citizen,hemal680,$2b$12$cLaChPh7W6OuXmmCzM4/Neo09N1YiAnbbMnZiDcrDmVYKxV9i1xmm
Mitali Jha,0315cb2a-587c-46c1-9f7f-4f52b44efa17,official,mitali199,$2b$12$0Cu9OuSvNGWxw6NvkaGhk.iFOUfYm49QaNgeYHPI39ZO8sfZA2/pm
Vasana Kannan,ce65d7cc-2208-49fd-9cea-814b53c1c564,official,vasana160,$2b$12$UFDp./0cDpLTHVBb4ya8mu1KXdQpPW.cYveOsWU/xjPWL0bAgyyza
Tanvi Kala,cb97e6c5-8aa8-4016-9057-f045d11185bf,citizen,tanvi828,$2b$12$lBTN8m66r6hd7/9WhGFcN.HqqbekWB0nQX7wlNoBzC2FJwAVxfFV2
Adya Rama,1b7ebc36-ef7f-4b20-8a8a-b709cc146255,citizen,adya490,$2b$12$un/nKI8Ow1NAwsIErnSlBeoz3HSuz9czJEX2FLBNmkrmRPPpS9qDC
Sathvik Agrawal,46ca897d-4991-47fe-804d-354675502c8d,citizen,sathvik179,$2b$12$z8vNE/XPpRamNgMs7DWrbuRhB1gUaAv5u2kgsqxto.3N5XV.7zUSi
Megha Dugar,1941e2cc-99f7-4dcd-bf5e-67ac68c117ac,citizen,megha145,$2b$12$HBLBPfuhpQ3VkcRZNDLRKejJ.Vog1vTwvw3W4DWHPCAqsZiRpXHDi
Kavya Prashad,6221fed7-eb35-4849-a4d9-2875a0f45def,citizen,kavya135,$2b$12$I2/LmsYE4.yVfjK1IfEjoOlEtcQTgznImexoM72u0FmXPYGYcBoh.
Anirudh Chaudhari,4767b70b-6f44-453e-b599-5f066ffafe2c,citizen,anirudh877,$2b$12$mPtzRzUhQLZJCdXzAxftuOAAUmIflM5bfQRNn1y7zC6kmxtO4blFK
Nihal Raju,1e825e35-cafe-4b64-b2ed-75901252dcf3,official,nihal246,$2b$12$UCigfgopYTfebKXJcraL3.VnT2tpZ2aVXG3a5Z.b/LBNS3iKFcfxK
Jagvi Hari,997268ce-689a-41bb-b174-f9a69109d704,citizen,jagvi125,$2b$12$TP1cKp/UlWpYG.hZVW72meaoxjcy5rya9.fn9iTzSsJOzln2JWSZa
Mitesh Deshmukh,3ef41134-809c-4c01-85b4-0c72851d7e49,citizen,mitesh630,$2b$12$SgVped7tAG82f.oH3TaDXeTjQOZsFLCEdOndd8QRVYkNKPjYMF9p2
Zaid Kamdar,d8682cf3-9194-4d6b-918d-e5f951b92dd1,citizen,zaid999,$2b$12$yobUsaTe8YtBtDiTvPFnQurmoStuRI4lXfW4k1H8L79RzZJ0H8Yha
Vinaya Sura,bc1bb8a2-bec8-416a-9832-02afd0e7faf5,citizen,vinaya822,$2b$12$gqJLVQmJC93o1Gzi7/HesO1qLbJQv6Q3EpagwSiqL2iIPVXF75fJS
Vedika Basu,6eea1ead-21a3-476b-ae75-02cd696c3bfc,citizen,vedika881,$2b$12$PaYUUFTQvD3y57MmSjSefu5Qa2/bsGuMoPNI3EwfZFDtt7K7U.aAi
