img_name,panic_level
image_0201.jpg,Low
image_201.jpg,Medium
image_202.jpg,High
image_0202.jpg,Low
image_203.jpeg,Medium
image_0203.jpg,Low
image_204.jpg,Medium
image_0204.jpg,Low
image_0205.jpg,Medium
image_205.jpg,High
image_206.jpeg,High
image_0206.jpg,Low
image_0207.jpg,Low
image_207.jpg,High
image_208.jpg,Medium
image_0208.jpg,Low
image_0209.jpg,Low
image_209.jpg,Low
image_0210.jpg,Low
image_210.jpg,High
image_211.jpg,Medium
image_0211.jpg,High
image_212.jpg,Medium
image_0212.jpg,Low
image_213.jpg,Medium
image_0213.jpg,Low
image_0214.jpg,Low
image_214.jpg,Medium
image_215.jpeg,High
image_0215.jpg,Low
image_0216.jpg,Medium
image_216.jpg,High
image_0217.jpg,Low
image_217.png,Medium
image_0218.jpg,Low
image_218.JPG,Medium
image_0219.jpg,Low
image_219.jpg,High
image_0220.jpg,Low
image_220.jpg,High
image_0221.jpg,Low
image_221.jpg,Low
image_222.jpg,High
image_0222.jpg,Medium
image_223.jpg,Medium
image_0223.jpg,Low
image_224.jpg,High
image_0224.jpg,Low
image_0225.jpg,Low
image_225.jpg,High
image_0226.jpg,Low
image_226.jpg,High
image_227.jpg,Medium
image_0227.jpg,Low
image_0228.jpg,Low
image_228.jpg,High
image_229.jpg,Medium
image_0229.jpg,Low
image_230.jpg,Medium
image_0230.jpg,Low
image_0231.jpg,Medium
image_231.jpg,Medium
image_232.jpg,Medium
image_0232.jpg,Low
image_0233.jpg,Low
image_233.jpg,High
image_234.jpg,High
image_0234.jpg,Medium
image_235.jpg,High
image_0235.jpg,Low
image_236.jpg,Low
image_0236.jpg,Low
image_0237.jpg,Low
image_237.jpg,High
image_0238.jpg,Low
image_238.jpg,High
image_0239.jpg,Low
image_239.jpg,Medium
image_0240.jpg,Low
image_240.png,High
image_241.jpg,Medium
image_0241.jpg,Low
image_242.jpg,Medium
image_0242.jpg,Low
image_243.jpg,High
image_0243.jpg,Low
image_244.JPG,Medium
image_0244.jpg,Low
image_0245.jpg,High
image_245.jpg,Medium
image_246.jpg,High
image_0246.jpg,Medium
image_247.jpg,High
image_0247.jpg,Medium
image_0248.jpg,Low
image_248.jpg,High
image_249.jpg,High
image_0249.jpg,Low
image_0250.jpg,Low
image_250.jpg,Medium
image_0251.jpg,Low
image_251.png,High
image_252.jpg,Medium
image_0252.jpg,Low
image_0253.jpg,Low
image_253.jpg,Medium
image_254.jpg,High
image_0254.jpg,Low
image_255.jpeg,Low
image_0255.jpg,Low
image_0256.jpg,Medium
image_256.jpg,High
image_0257.jpg,High
image_257.jpg,High
image_258.jpg,High
image_0258.jpg,Low
image_259.jpg,High
image_0259.jpg,Medium
image_260.jpg,Medium
image_0260.jpg,Low
image_261.jpg,Medium
image_0261.jpg,Low
image_0262.jpg,Low
image_262.jpg,Low
image_0263.jpg,Low
image_263.jpg,High
image_0264.jpg,Low
image_264.jpg,High
image_265.jpeg,Medium
image_0265.jpg,Low
image_0266.jpg,Low
image_266.jpg,Low
image_267.jpg,High
image_0267.jpg,Medium
image_268.jpg,High
image_0268.jpg,Medium
image_269.jpg,Low
image_0269.jpg,Medium
image_0270.jpg,Low
image_270.jpg,High
image_271.jpg,High
image_0271.jpg,Low
image_272.jpg,Medium
image_0272.jpg,High
image_0273.jpg,Medium
image_273.jpg,Medium
image_0274.jpg,Medium
image_274.jpg,High
image_275.jpg,Medium
image_0275.jpg,Low
image_0276.jpg,Low
image_276.jpg,High
image_0277.jpg,Low
image_277.jpg,Medium
image_278.jpeg,High
image_0278.jpg,Low
image_279.jpeg,High
image_0279.jpg,Low
image_280.jpeg,High
image_0280.jpg,Low
image_281.jpg,High
image_0281.jpg,High
image_0282.jpg,Medium
image_282.jpg,High
image_0283.jpg,Medium
image_283.jpg,Medium
image_0284.jpg,Low
image_284.jpg,High
image_285.jpg,High
image_0285.jpg,Low
image_286.jpg,High
image_0286.jpg,Low
image_0287.jpg,Low
image_287.jpg,High
image_0288.jpg,Low
image_288.jpg,Low
image_289.jpg,Low
image_0289.jpg,High
image_0290.jpg,Low
image_290.jpg,Low
image_291.jpg,Medium
image_0291.jpg,Low
image_292.jpg,Medium
image_0292.jpg,Low
image_293.jpg,High
image_0293.jpg,Medium
image_0294.jpg,High
image_294.png,High
image_0295.jpg,Medium
image_295.jpg,High
image_296.jpeg,High
image_0296.jpg,Medium
image_0297.jpg,Low
image_297.jpg,High
image_298.jpg,Medium
image_0298.jpg,Low
image_0299.jpg,Low
image_299.jpg,Medium
image_300.jpg,Medium
image_0300.jpg,High
image_301.jpg,High
image_0301.jpg,Medium
image_302.jpg,High
image_0302.jpg,Low
image_0303.jpg,Medium
image_303.jpg,Medium
image_304.jpg,High
image_0304.jpg,Low
image_305.jpg,Medium
image_0305.jpg,Low
image_0306.jpg,Low
image_306.jpg,High
image_307.jpg,High
image_0307.jpg,Low
image_308.jpg,Medium
image_0308.jpg,Low
image_0309.jpg,Low
image_309.jpg,High
image_310.jpg,High
image_0310.jpg,High
image_0311.jpg,Low
image_311.jpg,High
image_0312.jpg,Medium
image_312.jpg,Medium
image_0313.jpg,Low
image_313.jpg,Medium
image_314.jpg,High
image_0314.jpg,Low
image_0315.jpg,Low
image_315.jpg,High
image_316.jpg,Medium
image_0316.jpg,Low
image_0317.jpg,High
image_317.jpg,Low
image_0318.jpg,Medium
image_318.png,High
image_319.jpg,Low
image_0319.jpg,Low
image_320.jpg,Medium
image_0320.jpg,Medium
image_321.jpg,High
image_0321.jpg,Low
image_322.jpg,High
image_0322.jpg,Medium
image_323.jpg,High
image_0323.jpg,Medium
image_0324.jpg,Low
image_324.jpg,High
image_325.jpg,Medium
image_0325.jpg,Low
image_0326.jpg,Low
image_326.jpg,High
image_0327.jpg,Low
image_327.jpg,High
image_0328.jpg,Low
image_328.JPG,Low
image_329.jpg,High
image_0329.jpg,Low
image_330.jpg,Medium
image_0330.jpg,Low
image_331.jpeg,High
image_0331.jpg,Medium
image_332.jpg,High
image_0332.jpg,Low
image_333.jpg,Medium
image_0333.jpg,Low
image_0334.jpg,Medium
image_334.jpg,High
image_335.jpg,High
image_0335.jpg,Low
image_0336.jpg,Low
image_336.jpg,High
image_337.jpg,Medium
image_0337.jpg,High
image_0338.jpg,Medium
image_338.jpg,Medium
image_0339.jpg,Low
image_339.jpg,High
image_0340.jpg,Medium
image_340.jpg,High
image_341.jpg,High
image_0341.jpg,Low
image_0342.jpg,Low
image_342.jpg,High
image_0343.jpg,Low
image_343.jpg,Medium
image_344.JPG,High
image_0344.jpg,Medium
image_0345.jpg,High
image_345.jpg,High
image_0346.jpg,Medium
image_346.jpg,Medium
image_0347.jpg,Medium
image_347.jpg,High
image_348.jpg,High
image_0348.jpg,Low
image_349.jpg,High
image_0349.jpg,Medium
image_350.jpg,Medium
image_0350.jpg,Low
image_0351.jpg,Low
image_351.jpg,High
image_0352.jpg,Low
image_352.jpg,Medium
image_353.jpg,High
image_0353.jpg,Low
image_354.jpg,Medium
image_0354.jpg,Low
image_0355.jpg,Low
image_0356.jpg,High
image_356.jpg,Low
image_0357.jpg,Low
image_357.jpg,High
image_0358.jpg,Low
image_358.jpg,High
image_0359.jpg,Low
image_359.jpg,High
image_0360.jpg,Low
image_360.jpg,Medium
image_361.jpg,High
image_0361.jpg,Medium
image_0362.jpg,High
image_362.jpg,Low
image_0363.jpg,Low
image_363.jpg,High
image_0364.jpg,Low
image_364.JPG,Medium
image_0365.jpg,Low
image_365.webp,High
image_0366.jpg,Low
image_0367.jpg,High
image_0368.jpg,Low
image_0369.jpg,Low
image_0370.jpg,Low
image_0371.jpg,Low
image_0372.jpg,Low
image_0373.jpg,Low
image_0374.jpg,Low
image_0375.jpg,Medium
image_0376.jpg,Medium
image_0377.jpg,Low
image_0378.jpg,Medium
image_0379.jpg,Low
image_0380.jpg,Low
image_0381.jpg,Medium
image_0382.jpg,Low
image_0383.jpg,Low
image_0384.jpg,Low
image_0385.jpg,Medium
image_0386.jpg,Low
image_0387.jpg,Medium
image_0388.jpg,High
image_0389.jpg,Low
image_0390.jpg,Low
image_0391.jpg,High
image_0392.jpg,High
image_0393.jpg,High
image_0394.jpg,Medium
image_0395.jpg,High
image_0396.jpg,Medium
image_0397.jpg,Medium
image_0398.jpg,Medium
image_0399.jpg,Low
image_0400.jpg,Medium
image_0401.jpg,Low
image_0402.jpg,Low
image_0403.jpg,Medium
image_0404.jpg,Medium
image_0405.jpg,Medium
image_0406.jpg,Medium
image_0407.jpg,Medium
image_0408.jpg,High
image_0409.jpg,Medium
image_0410.jpg,High
image_0411.jpg,Medium
image_0412.jpg,High
image_0413.jpg,Medium
image_0414.jpg,Low
image_0415.jpg,High
image_0416.jpg,High
image_0417.jpg,Medium
image_0418.jpg,High
image_0419.jpg,Medium
image_0420.jpg,Medium
image_0421.jpg,Medium
image_0422.jpg,Medium
image_0423.jpg,Medium
image_0424.jpg,High
image_0425.jpg,High
image_0426.jpg,Medium
image_0427.jpg,Medium
image_0428.jpg,Medium
image_0429.jpg,High
image_0430.jpg,Low
image_0431.jpg,Low
image_0432.jpg,Medium
image_0433.jpg,Medium
image_0434.jpg,High
image_0435.jpg,Low
image_0436.jpg,Medium
image_0437.jpg,Low
image_0438.jpg,High
image_0439.jpg,High
image_0440.jpg,High
IMAGE_1655988793.webp,High
IMAGE_1688655256.webp,High
IMAGE_1688990595.webp,High
image_0004.jpg,Medium
image_0006.jpg,Low
image_002.jpg,Medium
image_0003.jpg,Medium
image_0001.jpg,Low
image_0000.jpg,Low
image_003.jpg,High
image_0002.jpg,Medium
image_004.jpg,Low
image_001.jpg,Low
image_0005.jpg,High
image_005.jpg,High
image_006.jpg,High
image_007.jpg,Low
image_0010.jpg,Medium
image_0007.jpg,High
image_0008.jpg,Medium
image_008.jpg,High
image_0009.jpg,Low
image_0013.jpg,Low
image_0012.jpg,Low
image_0011.jpg,Low
image_014.jpg,High
image_009.jpg,Medium
image_011.jpg,High
image_0014.jpg,Medium
image_0015.jpg,Low
image_010.jpg,High
image_012.jpg,High
image_017.jpg,High
image_0017.jpg,Low
image_0019.jpg,Low
image_018.jpg,Low
image_016.jpg,High
image_015.jpg,Medium
image_0016.jpg,Medium
image_019.jpg,High
image_020.jpg,Low
image_013.jpg,High
image_0021.jpg,Medium
image_0022.jpg,Medium
image_0023.jpg,Low
image_0024.jpg,Low
image_0020.jpg,High
image_023.jpg,High
image_024.jpg,Medium
image_027.jpg,High
image_021.jpg,Medium
image_0027.jpg,High
image_028.jpg,Medium
image_0026.jpg,Low
image_025.jpg,High
image_0018.jpg,Low
image_022.jpg,High
image_0025.jpg,Medium
image_026.jpg,High
image_0030.jpg,Medium
image_0029.jpg,Medium
image_0031.jpg,Medium
image_0028.jpg,Medium
image_029.jpg,High
image_030.jpg,Medium
image_0032.jpg,Medium
image_0034.jpg,Medium
image_032.jpg,High
image_033.jpg,Medium
image_0037.jpg,Medium
image_031.jpg,Medium
image_0035.jpg,Low
image_035.jpg,Medium
image_038.jpg,High
image_034.jpg,Medium
image_0033.jpg,High
image_0038.jpg,Low
image_0036.jpg,Medium
image_037.jpg,Medium
image_0039.jpg,Low
image_040.jpg,High
image_0042.jpg,Medium
image_0040.jpg,Medium
image_0043.jpg,High
image_036.jpg,High
image_041.jpg,High
image_043.jpg,Medium
image_042.jpg,High
image_0048.jpg,Low
image_0046.jpg,Low
image_0047.jpg,Low
image_0041.jpg,Medium
image_047.jpg,High
image_048.jpg,Medium
image_045.JPG,Medium
image_0049.jpg,Low
image_0045.jpg,Medium
image_0044.jpg,High
image_049.jpg,Medium
image_0050.jpg,Medium
image_0051.jpg,Medium
image_044.png,Medium
image_0053.jpg,High
image_050.jpg,Medium
image_053.jpg,Medium
image_0052.jpg,Low
image_0054.jpg,Medium
image_051.jpg,Low
image_052.jpg,Medium
image_054.jpg,High
image_0055.jpg,Medium
image_046.jpg,High
image_0057.jpg,Medium
image_0058.jpg,Low
image_0056.jpg,Medium
image_058.jpg,Medium
image_055.jpg,High
image_0059.jpg,Medium
image_057.jpg,Low
image_056.jpg,Low
image_0060.jpg,Medium
image_059.jpg,Medium
image_0061.jpg,Medium
image_0062.jpg,Medium
image_0063.jpg,Low
image_060.jpg,Medium
image_0065.jpg,Medium
image_0064.jpg,High
image_063.JPG,Low
image_061.JPG,Medium
image_065.JPG,Medium
image_0066.jpg,Medium
image_0069.jpg,Medium
image_066.jpg,High
image_067.jpg,Medium
image_0068.jpg,Medium
image_0067.jpg,Low
image_068.jpg,Low
image_0070.jpg,Medium
image_069.jpg,Medium
image_070.jpg,High
image_064.jpg,Medium
image_0071.jpg,Medium
image_0073.jpg,Medium
image_071.jpg,Medium
image_072.jpg,Low
image_0074.jpg,Low
image_0072.jpg,High
image_073.jpg,High
image_074.jpg,High
image_0075.jpg,Medium
image_0076.jpg,Low
image_075.jpg,High
image_0077.jpg,Medium
image_076.jpg,Low
image_077.jpg,Medium
image_0079.jpg,Low
image_0078.jpg,Medium
image_0080.jpg,Low
image_078.jpg,Medium
image_079.jpg,Medium
image_080.jpg,Low
image_0082.jpg,Medium
image_0083.jpg,Medium
image_0081.jpg,Low
image_081.jpg,High
image_0084.jpg,Medium
image_0086.jpg,Low
image_083.jpg,Low
image_0085.jpg,Medium
image_085.jpg,Medium
image_086.jpg,Medium
image_088.jpg,Medium
image_084.jpg,Low
image_0087.jpg,Medium
image_0089.jpg,High
image_0090.jpg,High
image_0091.jpg,Medium
image_0088.jpg,Medium
image_090.jpg,High
image_089.jpg,Medium
image_092.jpg,High
image_0093.jpg,High
image_091.png,Medium
image_0094.jpg,Low
image_0092.jpg,Medium
image_093.jpg,Medium
image_0095.jpg,Medium
image_096.jpg,High
image_0097.jpg,Medium
image_094.jpg,Low
image_0096.jpg,High
image_097.jpg,Medium
image_0098.jpg,Medium
image_098.jpg,Medium
image_0100.jpg,Medium
image_0099.jpg,Medium
image_0101.jpg,Medium
image_100.jpg,High
image_099.jpg,Low
image_101.jpg,Medium
image_062.jpg,Medium
image_0102.jpg,Medium
image_102.jpg,High
image_0103.jpg,High
image_0105.jpg,Medium
image_0104.jpg,Medium
image_104.jpg,Medium
image_103.jpeg,High
image_0106.jpg,Medium
image_082.jpg,Low
image_0107.jpg,High
image_105.jpg,Medium
image_107.jpg,Medium
image_0108.jpg,Medium
image_106.jpg,Low
image_0110.jpg,Low
image_0111.jpg,Low
image_0112.jpg,Low
image_0109.jpg,Low
image_111.jpg,Medium
image_110.jpg,High
image_108.jpg,Low
image_109.jpg,High
image_113.jpg,Medium
image_0113.jpg,Medium
image_000.jpg,Medium
image_0114.jpg,Low
image_112.jpg,Medium
image_0115.jpg,Medium
image_114.jpg,Medium
image_0116.jpg,Medium
image_0118.jpg,Medium
image_0117.jpg,Medium
image_117.jpg,Medium
image_0119.jpg,Medium
image_115.jpg,High
image_116.jpg,Low
image_118.jpg,High
image_0121.jpg,Low
image_0123.jpg,Low
image_120.jpg,High
image_121.jpeg,Low
image_0120.jpg,High
image_119.jpg,High
image_0122.jpg,Medium
image_122.jpg,High
image_0124.jpg,Low
image_124.jpg,Low
image_0126.jpg,Medium
image_125.jpg,High
image_0127.jpg,High
image_126.jpg,Medium
image_0128.jpg,Low
image_0129.jpg,Low
image_0125.jpg,High
image_127.jpg,Low
image_0130.jpg,High
image_0131.jpg,Low
image_128.jpg,Medium
image_131.jpg,Low
image_0132.jpg,Medium
image_0133.jpg,Medium
image_132.jpg,High
image_133.jpg,High
image_130.jpg,High
image_0134.jpg,Medium
image_129.jpg,High
image_0135.jpg,Medium
image_134.jpg,Medium
image_135.png,Medium
image_0136.jpg,Medium
image_0137.jpg,Low
image_0138.jpg,Low
image_136.jpg,High
image_137.PNG,Medium
image_138.jpeg,Medium
image_0139.jpg,Medium
image_139.jpg,Medium
image_0140.jpg,High
image_140.jpg,High
image_0141.jpg,Medium
image_0142.jpg,Medium
image_142.jpg,High
image_141.jpg,High
image_0143.jpg,Low
image_087.jpg,Medium
image_0144.jpg,Medium
image_143.png,High
image_144.jpg,Medium
image_0145.jpg,High
image_0146.jpg,Medium
image_0147.jpg,Medium
image_0148.jpg,Medium
image_145.jpeg,Medium
image_147.jpg,Medium
image_146.jpeg,High
image_148.jpg,Medium
image_0149.jpg,Medium
image_149.jpg,High
image_0150.jpg,Medium
image_150.jpeg,Medium
image_0151.jpg,Medium
image_0153.jpg,High
image_0152.jpg,High
image_153.jpeg,Low
image_0154.jpg,Low
image_151.jpg,Medium
image_152.jpg,High
image_154.jpg,Medium
image_0155.jpg,Low
image_0157.jpg,Low
image_0156.jpg,Medium
image_155.jpg,Medium
image_0158.jpg,Medium
image_158.jpg,Medium
image_156.jpg,Medium
image_039.png,High
image_0159.jpg,Medium
image_159.jpg,Low
image_0161.jpg,High
image_157.jpeg,Low
image_0160.jpg,Medium
image_160.jpg,Medium
image_0162.jpg,Low
image_0163.jpg,Low
image_161.jpg,Low
image_162.jpg,Medium
image_0165.jpg,Medium
image_165.jpg,Low
image_164.jpg,High
image_0164.jpg,Medium
image_163.jpg,Medium
image_0167.jpg,Medium
image_166.jpg,Medium
image_0168.jpg,Medium
image_0166.jpg,Medium
image_0169.jpg,Low
image_168.jpg,High
image_0170.jpg,Medium
image_0171.jpg,Medium
image_167.jpg,Low
image_170.jpg,Low
image_123.jpg,High
image_169.jpg,Medium
image_0174.jpg,Low
image_0176.jpg,Low
image_0173.jpg,Medium
image_174.jpg,Medium
image_173.jpg,Medium
image_0172.jpg,Medium
image_172.jpg,Medium
image_171.jpg,High
image_0175.jpg,Medium
image_176.jpg,Medium
image_178.jpg,Low
image_0178.jpg,Medium
image_0181.jpg,Low
image_0177.jpg,Low
image_179.jpg,High
image_0179.jpg,High
image_175.jpg,High
image_177.jpg,Medium
image_0184.jpg,Low
image_0183.jpg,Low
image_0186.jpg,Low
image_184.jpg,Medium
image_0185.jpg,Medium
image_0182.jpg,Low
image_186.jpg,Medium
image_187.jpg,Low
image_0188.jpg,Medium
image_182.jpg,High
image_188.jpg,Medium
image_0190.jpg,Medium
image_185.png,High
image_183.jpg,High
image_0191.jpg,Low
image_190.png,Low
image_189.jpeg,Low
image_0192.jpg,Medium
image_193.jpg,High
image_0196.jpg,Low
image_0193.jpg,Low
image_0194.jpg,Low
image_194.JPG,High
image_0197.jpg,Medium
image_0189.jpg,Medium
image_196.jpg,Medium
image_0195.jpg,Medium
image_199.jpg,Medium
image_0198.jpg,Low
image_197.jpg,Medium
image_195.jpeg,Low
image_201.jpg,Medium
image_198.jpg,Medium
image_192.png,Medium
image_191.jpg,High
image_0187.jpg,Low
image_200.jpg,Medium
image_0199.jpg,Low
image_0200.jpg,Medium
