Time,City,Sub_city,Text,latitude,longitude,panic_level
2025-09-20 11:40:54+00:00,Mumbai,Mumbai,RT @sanewsdelhi: 🔴 “महाराष्ट्र के सोलापुर ज़िले में राहत के कुछ दिन बाद फिर से भारी बारिश शुरू हो गई है। हालात बिगड़ने से सड़कों पर जलभराव…,19.054999,72.8692035,High
2025-09-20 11:40:54+00:00,Mumbai,Mumbai,RT @SatlokChannel: बाढ़ पीड़ित गाँव में लगातार मदद की जा रही है | #flood #punjab https://t.co/kmEaYCb0vh,19.054999,72.8692035,High
2025-09-20 11:40:53+00:00,Mumbai,Mumbai,"RT @yumomo385: ロシア極東カムチャツカ半島でマグニチュード7.8の強い地震発生‼️

津波警報が発令後、解除されました。

https://t.co/JEeGwkMhvV

https://t.co/TkUailkyar

https://t.co/4cLjS0o…",19.054999,72.8692035,High
2025-09-20 11:40:51+00:00,Mumbai,Mumbai,@coinbureau $1.6B about to flood back into the market? This is a massive liquidity event.,19.054999,72.8692035,High
2025-09-20 11:40:44+00:00,Mumbai,Mumbai,mukhang mas ipagkakatiwala ko pa yung flood control project sa kanila kesa sa dpwh HAHSHAHA https://t.co/q3PtAEDxKy,19.054999,72.8692035,High
2025-09-20 11:40:44+00:00,Mumbai,Mumbai,"RT @RahulGandhi: बाढ़ ने पंजाब में भीषण तबाही मचाई है।

आज घोनेवाल में गांववासियों से मिला - उजड़े आशियाने, बर्बाद खेत, बिखरी ज़िंदगियां। द…",19.054999,72.8692035,Low
2025-09-20 11:40:44+00:00,Mumbai,Mumbai,"RT @Siraj_Rattar123: Food aid alone isn’t enough. Flood victims urgently need healthcare and direct financial support.
We urge the governme…",19.054999,72.8692035,High
2025-09-20 11:40:44+00:00,Mumbai,Mumbai,"RT @UNITEDofficial: 本日解禁‼️

12/28(日)渋谷CYCLONE
UNITED x SHIBUYA CYCLONE pre. 
END OF YEAR PARTY 2025

UNITED
BATCAVE -special guest-

open18…",19.054999,72.8692035,High
2025-09-20 11:40:43+00:00,Mumbai,Mumbai,RT @YemenMiltary: Watch the renewed human flood in the mass rally (With Gaza.. We will not accept the shame of betrayal no matter the crime…,19.054999,72.8692035,Medium
2025-09-20 11:40:43+00:00,Mumbai,Mumbai,"RT @Vtxt21: Flood Victim : we have lost everything, we need help

Kangana Ranaut : I have a Restaurant here, yesterday only ₹50 business ha…",19.054999,72.8692035,High
2025-09-20 11:40:42+00:00,Mumbai,Mumbai,"RT @BMTheEquityDesk: H1B Visa fees is no problem. Over the next two decades India will have a tsunami of jobs of its own!

Let’s plan for 2…",19.054999,72.8692035,Medium
2025-09-20 11:40:40+00:00,Mumbai,Mumbai,RT @BhagwantMann: आज चंडीगढ़ निवास पर पहुँचे यूनियन बैंक ऑफ़ इंडिया के उच्च अधिकारियों ने 'मिशन चढ़दीकला' में 2 करोड़ रुपए का चेक सौंपकर इस…,19.054999,72.8692035,Medium
2025-09-20 11:40:40+00:00,Mumbai,Mumbai,"RT @BorisJohnson: The wettest generation since the Flood! Today's youth are too scared to drive, drink and many don't have sex. And they're…",19.054999,72.8692035,Low
2025-09-20 11:40:39+00:00,Mumbai,Mumbai,"RT @Chimpteshwar: All Time Fastest 1cr advance gross in Hyderabad 😭💥💥🔥

Human Tsunami @PawanKalyan 🛐🙏

#TheyCallHimOG https://t.co/pL3wdIyw…",19.054999,72.8692035,High
2025-09-20 11:40:38+00:00,Mumbai,Mumbai,"RT @sanewsdelhi: 🌊 बाढ़ से जूझते मण्ढ़ाणा गाँव को संत रामपाल जी महाराज का साथ मिला 🙌 ₹20 लाख⭐✨+ की मदद 

📌🙏 गाँववालों ने संत रामपाल जी महा…",19.054999,72.8692035,High
2025-09-20 11:40:37+00:00,Mumbai,Mumbai,"RT @filmlerx: ""Yalnız"" izlenecek 25 film. İzlerken KALKTI MI İNMEZ 😉

Flood 🧵 https://t.co/R0pJbwGdnF",19.054999,72.8692035,Low
2025-09-20 11:40:37+00:00,Mumbai,Mumbai,"RT @Sargon_of_Akkad: @Keir_Starmer You are a traitor, a student communist, and a man totally out of his depth. You are taxing us to ruin an…",19.054999,72.8692035,High
2025-09-20 11:40:36+00:00,Mumbai,Mumbai,"RT @mktyaggi: शाहरुख और मुबारक ने एक फूड डिलीवरी एजेंट को बुरी तरह पीटा, जबकि उसने समझाया था कि बारिश की वजह से डिलीवरी में देर हुई।
 नस्ल…",19.054999,72.8692035,High
2025-09-20 11:40:36+00:00,Mumbai,Mumbai,"RT @EricLDaugh: 🚨 BREAKING: Conservatives are now countering a left-wing attempt to flood the phones of Nexstar CEO Perry Sook with hate, w…",19.054999,72.8692035,High
2025-09-20 11:40:36+00:00,Mumbai,Mumbai,"RT @DhruvRathenx: BREAKING : RaGa Tsunami on 🔥

राहुल गांधी के एटम बम पार्ट-2 ने वोट चोरी पर सारे रिकॉर्ड तोड़ दिए हैं और 10 करोड़ व्यूज़…",19.054999,72.8692035,High
2025-09-20 11:40:35+00:00,Mumbai,Mumbai,"RT @sanewsdelhi: 🌊 बाढ़ से जूझते मण्ढ़ाणा गाँव को संत रामपाल जी महाराज का साथ मिला 🙌 ₹20 लाख⭐✨+ की मदद 

📌🙏 गाँववालों ने संत रामपाल जी महा…",19.054999,72.8692035,High
2025-09-20 11:40:35+00:00,Mumbai,Mumbai,"RT @SatlokChannel: लितानी गाँव बाढ़ से तबाह हो रहा था। गांववालों को उम्मीद थी केवल 500 फीट पाइप की, पर संत रामपाल जी महाराज ने भेजी 15,000…",19.054999,72.8692035,High
2025-09-20 11:40:34+00:00,Mumbai,Mumbai,"RT @PhilippineStar: Not just flood control projects, but even classrooms built by the Department of Public Works and Highways (DPWH) were f…",19.054999,72.8692035,Low
2025-09-20 11:40:33+00:00,Mumbai,Mumbai,RT @alokKum2021: @swatantrabjp लखीमपुर खीरी बाढ़ खंड की जय हो https://t.co/NDobYKN1C1,19.054999,72.8692035,Low
2025-09-20 11:40:33+00:00,Mumbai,Mumbai,"RT @memleketyoutube: Sayın REİS SEDAT PEKER, kitaplara olan ilgisi ve okuma alışkanlığıyla da dikkat çeken bir isimdir.

Videolarında gördü…",19.054999,72.8692035,Medium
2025-09-20 11:40:33+00:00,Mumbai,Mumbai,"RT @NizamPKFC: All Time Fastest 1cr advance gross in Hyderabad 😭💥💥🔥

Human Tsunami @PawanKalyan 🛐🙏

#Theycallhimog
https://t.co/36hyS8ojoC",19.054999,72.8692035,High
2025-09-20 11:40:31+00:00,Mumbai,Mumbai,"RT @allenanalysis: 🚨#BREAKING: Protesters flood Times Square chanting “F*ck Charlie Kirk,” slamming him as racist and nothing like MLK. The…",19.054999,72.8692035,High
2025-09-20 11:40:28+00:00,Mumbai,Mumbai,"RT @sanewsdelhi: 📌🙏संत रामपाल जी महाराज ने कहा की बाढ़ पीड़ित मण्ढ़ाणा गाँव वालो की इतनी मदद कर दो जिसकी कोई हद नही। ✨💥

📍पुरा गाँव आज इस म…",19.054999,72.8692035,Low
2025-09-20 11:40:28+00:00,Mumbai,Mumbai,"RT @detikcom: 50 Kali Gempa Susulan Guncang Nabire Papua Tengah 

Direktur Gempabumi dan Tsunami BMKG Daryono mengatakan hasil analisis BMK…",19.054999,72.8692035,High
2025-09-20 11:40:27+00:00,Mumbai,Mumbai,"RT @sanewsdelhi: 📌🙏संत रामपाल जी महाराज ने कहा की बाढ़ पीड़ित मण्ढ़ाणा गाँव वालो की इतनी मदद कर दो जिसकी कोई हद नही। ✨💥

📍पुरा गाँव आज इस म…",19.054999,72.8692035,Low
2025-09-20 11:40:26+00:00,Mumbai,Mumbai,"RT @Nani______4: All Time Fastest 1cr advance gross in Hyderabad 😭💥💥🔥

Human Tsunami @PawanKalyan 🛐💀

#Theycallhimog https://t.co/uxwGmrX5q4",19.054999,72.8692035,High
2025-09-20 11:40:24+00:00,Mumbai,Mumbai,RT @INCUttarPradesh: मैं इस इलाके की मुश्किलों से भली-भांति वाकिफ हूं। बारिश के दौरान यहां बाढ़ की स्थिति बन जाती है और यह इलाका अलग-थलग प…,19.054999,72.8692035,Medium
2025-09-20 11:40:23+00:00,Mumbai,Mumbai,"I’m all in on this one. In a world where bots are everywhere and AI’s about to flood every corner of the internet, Billions Network is straight-up building the moat for real humans (and legit AI agents) to prove they’re not just another deepfake or spam account. It’s like the https://t.co/LyTRFy4Wda https://t.co/FaqcGfUBAm",19.054999,72.8692035,High
2025-09-20 11:40:23+00:00,Mumbai,Mumbai,"RT @Rehanjunejo01: #Flood victims need more than rations 🌊💔🏚
Only healthcare facilities and direct financial support can heal their wounds…",19.054999,72.8692035,High
2025-09-20 11:40:23+00:00,Mumbai,Mumbai,"RT @rapplerdotcom: FLOOD CONTROL, NOT FUND CONTROL ✊

Thousands of protesters are expected to join rallies at Luneta and the People Power M…",19.054999,72.8692035,High
2025-09-20 11:40:22+00:00,Mumbai,Mumbai,RT @FranciscoF95548: @SocCivilMx @Claudiashein En el gobierno están en pánico total y no pueden detener el tsunami que viene 1ro de octubre…,19.054999,72.8692035,High
2025-09-20 11:40:22+00:00,Mumbai,Mumbai,"RT @DhruvRathenx: BREAKING : RaGa Tsunami on 🔥

राहुल गांधी के एटम बम पार्ट-2 ने वोट चोरी पर सारे रिकॉर्ड तोड़ दिए हैं और 10 करोड़ व्यूज़…",19.054999,72.8692035,High
2025-09-20 11:40:21+00:00,Mumbai,Mumbai,".@jomalhotra
Akanksha your reporter from Kapurthala did a great story which got @vikramsahney
And  sun foundation to help Gurjot and his family.
In flood-hit Sultanpur Lodhi, 14-year-old carries the weight of tragedies  https://t.co/UNwVAuw8XD",19.054999,72.8692035,0
2025-09-20 11:40:21+00:00,Mumbai,Mumbai,"RT @ATimeAlchemist: @zerohedge “Aid” package?! Did something decimate the fish stock? Are they starving? Did they have a tsunami?

Why the…",19.054999,72.8692035,High
2025-09-20 11:40:19+00:00,Mumbai,Mumbai,RT @SatlokChannel: 20 लाख+ रुपयों की राहत सामग्री संत रामपाल जी महाराज ने बाढ़ पीड़ित गाँव मण्ढ़ाणा (भिवानी) को दी। https://t.co/03BSvkRswJ,19.054999,72.8692035,High
2025-09-20 11:40:14+00:00,Mumbai,Mumbai,RT @SatlokChannel: 20 लाख+ रुपयों की राहत सामग्री संत रामपाल जी महाराज ने बाढ़ पीड़ित गाँव मण्ढ़ाणा (भिवानी) को दी। https://t.co/03BSvkRswJ,19.054999,72.8692035,High
2025-09-20 11:40:13+00:00,Mumbai,Mumbai,@IAISIB I'm so happy that the flood engulfed that whole state 🤭🤭🤭 that's what they deserve.,19.054999,72.8692035,High
2025-09-20 11:40:13+00:00,Mumbai,Mumbai,RT @myth_pilot: The worst thing Elon ever did with this platform besides opening the gates to a flood of Indians was to ruthlessly crush Su…,19.054999,72.8692035,Low
2025-09-20 11:40:12+00:00,Mumbai,Mumbai,"Villages submerged. Homes swept away. Families in Pakistan and Bangladesh are fleeing disaster with nothing but hope.

Muslim Relief is delivering water, shelter, and medical care.

Stand with them today: https://t.co/U643KxsHJC https://t.co/qUws9Il28C",19.054999,72.8692035,High
2025-09-20 11:40:10+00:00,Mumbai,Mumbai,RT @SatlokChannel: बाढ़ पीड़ित गाँव में लगातार मदद की जा रही है | #flood #punjab https://t.co/kmEaYCb0vh,19.054999,72.8692035,Low
2025-09-20 11:40:09+00:00,Mumbai,Mumbai,RT @jesusfalcis: I’m so proud of Quezon City for charging ahead and taking the issue of flood control by its horns - dalawang presscon and…,19.054999,72.8692035,High
2025-09-20 11:40:08+00:00,Mumbai,Mumbai,@ADITYA83131 @Mudit0797 Tik tok kab unban hua modi ne visit kiya flood effected states ko or relief package bhi diya don't spread fake news,19.054999,72.8692035,High
2025-09-20 11:40:07+00:00,Mumbai,Mumbai,"RT @SatlokChannel: लितानी गाँव बाढ़ से तबाह हो रहा था। गांववालों को उम्मीद थी केवल 500 फीट पाइप की, पर संत रामपाल जी महाराज ने भेजी 15,000…",19.054999,72.8692035,High
2025-09-20 11:40:07+00:00,Mumbai,Mumbai,RT @theefag: all niggas like to do is breed and flood faggy holes https://t.co/eyZXvHKFNn,19.054999,72.8692035,High
2025-09-20 11:40:07+00:00,Mumbai,Mumbai,"I didn’t answer. I couldn’t. The sight of Jide brought a flood of memories I had buried so deep - nights of loneliness, swollen feet, unanswered calls, tears swallowed in silence.

He straightened when he saw me step out. “Shalewa.”",19.054999,72.8692035,Medium
2025-09-20 11:40:07+00:00,Mumbai,Mumbai,"@PratikVoiceObc "" हमें इतनी बड़ी भीड़ और समर्थन की उम्मीद नहीं थी।
लोग दिन-रात , धूप-बारिश की परवाह किए बिना इस यात्रा में शामिल हो रहे हैं, क्योंकि उन्हें पता है कि मौजूदा सरकार उनके लिए कुछ नहीं कर रही है।
लोग बदलाव के मूड में हैं।। ""

- श्री तेजस्वी यादव जी

वीडियो :

https://t.co/xRsfkBS4Jw",19.054999,72.8692035,High
2025-09-20 11:40:05+00:00,Mumbai,Mumbai,RT @SatlokChannel: बाढ़ पीड़ित गाँव को लगातार मदद मिलती जा रही है | #floodrelief https://t.co/NXFjImO38Y,19.054999,72.8692035,Low
2025-09-20 11:40:05+00:00,Mumbai,Mumbai,"RT @freakniggat: Told bro i’m tryn flood u up, lemme dig in that pussy 😈🍆💦
ᶠᵘˡˡ ᵛⁱᵈᵉᵒ ᵒⁿ ᵐʸ ᵒⁿˡʸᶠᵃⁿˢ ᵃⁿᵈ ᴶᶠᶠ!
@certifiedbro4u 
@freakniggat…",19.054999,72.8692035,High
2025-09-20 11:40:04+00:00,Mumbai,Mumbai,"RT @DMRegister: Originally Cyclone Stadium, Jack Trice Stadium turns 50 this year https://t.co/0wBlKwUQcS",19.054999,72.8692035,Low
2025-09-20 11:40:01+00:00,Mumbai,Mumbai,"RT @HarveenChadha: With this new H1B order, remote jobs are going to flood the market

Many employers will happy give 100k to remote worker…",19.054999,72.8692035,High
2025-09-20 11:40:00+00:00,Mumbai,Mumbai,"@Anti_Congressi @BCCI If all the Indians pee on Pakistan, all the Pakistanis will drown in Tsunami of pee and die.  Then it will be pisswa-e-pak similar to Gazwa-e-hind.😃 😀 😄 😁 🤣 😂 😃 😀",19.054999,72.8692035,High
2025-09-20 11:40:00+00:00,Mumbai,Mumbai,"RT @SatlokChannel: 💥 कलयुग में सतयुग की शुरुआत Part-2️💥

इस वीडियो में देखिए 🔥 चौंकाने वाले सबूत!
दिल्ली के अनाथ बच्चों से लेकर 🌊 बाढ़ पी…",19.054999,72.8692035,High
2025-09-20 11:40:00+00:00,Mumbai,Mumbai,"RT @kalisenachief: बारिश नहीं, भ्रष्टाचार डुबो रहा है देश को! 
ये बाढ़ प्राकृतिक नहीं, मैन-मेड है…
अनियंत्रित विकास, रिश्वतखोरी और गलत न…",19.054999,72.8692035,High
2025-09-20 11:40:00+00:00,Mumbai,Mumbai,"RT @NexoraCoin26112: GM $NEX Fam, let’s turn up the HEAT, PurpleFam! 💜🚀 This Mystery Box giveaway is the ultimate $NEX flex—100 likes and 5…",19.054999,72.8692035,High
2025-09-20 11:40:00+00:00,Mumbai,Mumbai,"RT @rapplerdotcom: FLOOD CONTROL, NOT FUND CONTROL ✊

Thousands of protesters are expected to join rallies at Luneta and the People Power M…",19.054999,72.8692035,High
2025-09-20 11:39:59+00:00,Mumbai,Mumbai,"RT @BorisJohnson: The wettest generation since the Flood! Today's youth are too scared to drive, drink and many don't have sex. And they're…",19.054999,72.8692035,Low
2025-09-20 11:39:59+00:00,Mumbai,Mumbai,"So tell us, Honorable Congressman, is pocketing kickbacks from flood control projects the act of a sound mind?",19.054999,72.8692035,High
2025-09-20 11:39:57+00:00,Mumbai,Mumbai,flood their mailbox with letters https://t.co/12xngfExL6,19.054999,72.8692035,High
2025-09-20 11:39:57+00:00,Mumbai,Mumbai,"RT @Beefeater_Fella: Fake dollars and yuan flood North Korean markets

A sharp rise in exchange rates and the depreciation of the won have…",19.054999,72.8692035,High
2025-09-20 11:39:57+00:00,Mumbai,Mumbai,"if tunay na nararamdaman ng pangulo ang pagkadismaya ng bayan, then the public deserves to see transparent investigations, actual accountability of corrupt officials, and reforms in flood control projects :) https://t.co/4rXQcV3QAB",19.054999,72.8692035,High
2025-09-20 11:39:55+00:00,Mumbai,Mumbai,"RT @nzranasr: Salam all. Malaysian Medical Association Sabah are taking donations for flood victims. They need;
&gt;maggi
&gt;susu baby
&gt;biskut
&gt;…",19.054999,72.8692035,High
2025-09-20 11:39:55+00:00,Mumbai,Mumbai,"RT @TweetByLokesh: जयपुर के निमेडा ग्राम में एक ऐसा नाग बारिश के मौसम में बाहर निकला जिसके सर पर मणि थी। 

इस सांप को देखने वालों की भीड़…",19.054999,72.8692035,High
2025-09-20 11:39:54+00:00,Mumbai,Mumbai,"RT @SatlokChannel: लितानी गाँव बाढ़ से तबाह हो रहा था। गांववालों को उम्मीद थी केवल 500 फीट पाइप की, पर संत रामपाल जी महाराज ने भेजी 15,000…",19.054999,72.8692035,High
2025-09-20 11:39:53+00:00,Mumbai,Mumbai,"RT @dpsingh1313: पंजाब की तरफ जाने वाले मुहब्बत के लशकर और भाइचारे के कारवां रुकने का नाम ही नहीं ले रहे।

यूं लग रहा है जैसे मुसीबत की इस…",19.054999,72.8692035,High
2025-09-20 11:39:53+00:00,Mumbai,Mumbai,"RT @Nani______4: All Time Fastest 1cr advance gross in Hyderabad 😭💥💥🔥

Human Tsunami @PawanKalyan 🛐💀

#Theycallhimog https://t.co/uxwGmrX5q4",19.054999,72.8692035,High
2025-09-20 11:39:53+00:00,Mumbai,Mumbai,"Asia Cup 2025: विजेता टीम पर होगी पैसों की बारिश, रनर-अप पर भी होगी बौछार, जानिए कितना मिलेगा?

#AsiaCup2025 #CricketNews #SportsNews #AsiaCupWinner

https://t.co/nbJBG0qIAb",19.054999,72.8692035,Low
2025-09-20 11:39:50+00:00,Mumbai,Mumbai,"RT @News5PH: 'BAKIT HINDI MAPAUWI SI ZALDY CO?'

Muling iginiit ni Vice President Sara Duterte na hindi siya kumbinsido sa imbestigasyon ng…",19.054999,72.8692035,Low
2025-09-20 11:39:49+00:00,Mumbai,Mumbai,"RT @seoul_stop: ANNOUNCEMENT

Our Lacson branch will be CLOSED TOMORROW, September 21 (Sunday) as we join the people in denouncing the bill…",19.054999,72.8692035,0
2025-09-20 11:39:47+00:00,Mumbai,Mumbai,"RT @GladJl11: Ackkkk I just love your fit today so much. Like I'm gonna flood you TL with his face guys hahaha

AHOF SHINES AT TMA 
#AHOFon…",19.054999,72.8692035,High
2025-09-20 11:39:46+00:00,Mumbai,Mumbai,"RT @ziyudaze: hi guys, just a warning— i’m about to flood your timeline with ziyu fancams, please bear with me.",19.054999,72.8692035,High
2025-09-20 11:39:45+00:00,Mumbai,Mumbai,"RT @SatlokChannel: 💥 कलयुग में सतयुग की शुरुआत Part-2️💥

इस वीडियो में देखिए 🔥 चौंकाने वाले सबूत!
दिल्ली के अनाथ बच्चों से लेकर 🌊 बाढ़ पी…",19.054999,72.8692035,High
2025-09-20 11:39:42+00:00,Mumbai,Mumbai,"RT @Xaif_Crypto: 🚨:Wall Street giants are quietly stacking #XRP Dr. Jim Willie says

BlackRock &amp; JPMorgan are loading up behind the scenes.…",19.054999,72.8692035,High
2025-09-20 11:39:41+00:00,Mumbai,Mumbai,"@cyclone_mas そうやねwww
T squareのトゥルースも危険w",19.054999,72.8692035,High
2025-09-20 11:39:41+00:00,Mumbai,Mumbai,"@common_sense_64 @BRoberts1597071 @akafaceUS BEAUTIFUL

Flood the zone with shit, first sign of a question, say Ba Bye!

By which i mean wow that's sad",19.054999,72.8692035,Low
2025-09-20 11:39:37+00:00,Mumbai,Mumbai,RT @ChapraZila: अभी इनके नन्हे हाथों में स्मार्ट फोन नहीं आया है इसलिए यह लोग बारिश के मौसम का मजा ले रहे हैं ❤️🤩 https://t.co/FqEq7T5v9c,19.054999,72.8692035,High
2025-09-20 11:39:37+00:00,Mumbai,Mumbai,"@kumar_pate15683 नहीं, अरविंद केजरीवाल की चोटिला में किसान रैली 7 सितंबर 2025 को भारी बारिश के कारण स्थगित कर दी गई थी। उपलब्ध स्रोतों से बाद में इसका आयोजन होने की पुष्टि नहीं हुई है। (142 chars)",19.054999,72.8692035,High
2025-09-20 11:39:36+00:00,Mumbai,Mumbai,"RT @Nani______4: All Time Fastest 1cr advance gross in Hyderabad 😭💥💥🔥

Human Tsunami @PawanKalyan 🛐💀

#Theycallhimog https://t.co/uxwGmrX5q4",19.054999,72.8692035,High
2025-09-20 11:39:36+00:00,Mumbai,Mumbai,Send the flood https://t.co/FGyzCQDCJp,19.054999,72.8692035,High
2025-09-20 11:39:35+00:00,Mumbai,Mumbai,"RT @mikafabs: For those unaware, a massive protest will be happening in the PH on Sep 21 against corruption. It blew up w/ uncovering flood…",19.054999,72.8692035,High
2025-09-20 11:39:32+00:00,Mumbai,Mumbai,"RT @nzranasr: Salam all. Malaysian Medical Association Sabah are taking donations for flood victims. They need;
&gt;maggi
&gt;susu baby
&gt;biskut
&gt;…",19.054999,72.8692035,High
2025-09-20 11:39:31+00:00,Mumbai,Mumbai,RT @mingyursonly: wala po siyang flood control projects https://t.co/nNnUUVVkmb,19.054999,72.8692035,Medium
2025-09-20 11:39:29+00:00,Mumbai,Mumbai,"RT @seoul_stop: ANNOUNCEMENT

Our Lacson branch will be CLOSED TOMORROW, September 21 (Sunday) as we join the people in denouncing the bill…",19.054999,72.8692035,0
2025-09-20 11:39:28+00:00,Mumbai,Mumbai,"RT @Nani______4: All Time Fastest 1cr advance gross in Hyderabad 😭💥💥🔥

Human Tsunami @PawanKalyan 🛐💀

#Theycallhimog https://t.co/uxwGmrX5q4",19.054999,72.8692035,High
2025-09-20 11:39:28+00:00,Mumbai,Mumbai,"नंदीयाल बाढ़ में बस फंसी: 24 यात्री बचाए गए, JCB ने मदद की https://t.co/CI7gwmGsnw",19.054999,72.8692035,High
2025-09-20 11:39:28+00:00,Mumbai,Mumbai,"RT @cookiealliance0: 🔥 ARE YOU READYYYY FOHAs?! 🔥

Our boys AHOF are about to set the TMA stage on FIRE!  Let’s flood the timeline and show…",19.054999,72.8692035,0
2025-09-20 11:39:27+00:00,Mumbai,Mumbai,"RT @SaintRampalJiM: 💥 कलयुग में सतयुग की शुरुआत Part-2️💥

इस वीडियो में देखिए 🔥 चौंकाने वाले सबूत!
दिल्ली के अनाथ बच्चों से लेकर 🌊 बाढ़ पी…",19.054999,72.8692035,Medium
2025-09-20 11:39:27+00:00,Mumbai,Mumbai,"RT @SatlokChannel: लितानी गाँव बाढ़ से तबाह हो रहा था। गांववालों को उम्मीद थी केवल 500 फीट पाइप की, पर संत रामपाल जी महाराज ने भेजी 15,000…",19.054999,72.8692035,High
2025-09-20 11:39:25+00:00,Mumbai,Mumbai,"Klimat hysterikerna i Stockholm har utfärdat tsunami varning! Alla stockholmare måste bära flytväst fram till måndag! 🤪
Jordskalv utanför Skellefteå – magnitud på 2,5: ”Som om en bil kört in i väggen” | SVT Nyheter https://t.co/ElVLUAvSzE",19.054999,72.8692035,High
2025-09-20 11:39:23+00:00,Mumbai,Mumbai,"RT @dimrays_info: .

2025.10.04(SAT)
ZEPHYREN × SHIBUYA THE GAME presents
『In The Family FEST 2025』
会場：THE GAME / CHELSEA HOTEL / STAR LOUN…",19.054999,72.8692035,0
2025-09-20 11:39:22+00:00,Mumbai,Mumbai,"RT @KraantiKumar: चंडीगढ़ में एक महिला शॉपिंग कर रही थी तभी युवाओं का एक ग्रुप दौड़ कर आता है और महिला से कहता है

मैडम हम आपका पसंदीदा गा…",19.054999,72.8692035,High
2025-09-20 11:39:22+00:00,Mumbai,Mumbai,"RT @BorisJohnson: The wettest generation since the Flood! Today's youth are too scared to drive, drink and many don't have sex. And they're…",19.054999,72.8692035,Low
2025-09-20 11:39:20+00:00,Mumbai,Mumbai,"RT @MSaqibShaikh190: Sindh Govt’s Flood Monitoring Cell issues latest water inflow &amp; outflow updates: Guddu 319,180/290,819 cusecs, Sukkur…",19.054999,72.8692035,0
2025-09-20 11:39:19+00:00,Mumbai,Mumbai,RT @SatlokChannel: बाढ़ पीड़ित गाँव में लगातार मदद की जा रही है | #flood #punjab https://t.co/kmEaYCb0vh,19.054999,72.8692035,Low
2025-09-20 11:39:19+00:00,Mumbai,Mumbai,RT @PilipinasToday_: Ito ang pasaring ng talent manager at TV host na si Ogie Diaz kay Sen. Rodante Marcoleta matapos umano nitong ipagtang…,19.054999,72.8692035,High
2025-09-20 11:39:19+00:00,Mumbai,Mumbai,"RT @SatlokChannel: 💥 कलयुग में सतयुग की शुरुआत Part-2️💥

इस वीडियो में देखिए 🔥 चौंकाने वाले सबूत!
दिल्ली के अनाथ बच्चों से लेकर 🌊 बाढ़ पी…",19.054999,72.8692035,High
2025-09-20 11:50:27+00:00,Chennai,Chennai,oh my god. just send the flood. erase us all. https://t.co/6aQYOKXlaC,13.0836939,80.270186,High
2025-09-20 11:50:25+00:00,Chennai,Chennai,"RT @filmlerx: ""Yalnız"" izlenecek 25 film. İzlerken KALKTI MI İNMEZ 😉

Flood 🧵 https://t.co/R0pJbwGdnF",13.0836939,80.270186,Low
2025-09-20 11:50:25+00:00,Chennai,Chennai,"RT @PowerShftAfrica: Small fixes aren’t enough: African cities need new ways to adapt to climate change

Right now, most cities are respond…",13.0836939,80.270186,High
2025-09-20 11:50:23+00:00,Chennai,Chennai,"RT @OposisiCerdas: Gempa M7,8 Guncang Rusia Disusul Tsunami, Belum Ada Laporan Korban https://t.co/7HonJ8cKa2",13.0836939,80.270186,High
2025-09-20 11:50:23+00:00,Chennai,Chennai,LIVE: Tsunami TERROR In Moscow After Massive 7.8 Earthquake Strikes Kamc... https://t.co/CYcYIprO9X via @YouTube,13.0836939,80.270186,High
2025-09-20 11:50:23+00:00,Chennai,Chennai,"RT @SaintRampalJiM: 💥 कलयुग में सतयुग की शुरुआत Part-2️💥

इस वीडियो में देखिए 🔥 चौंकाने वाले सबूत!
दिल्ली के अनाथ बच्चों से लेकर 🌊 बाढ़ पी…",13.0836939,80.270186,Medium
2025-09-20 11:50:21+00:00,Chennai,Chennai,"@resilient333 Flood with illegal immigrants 

Poison the natives 

UK gone",13.0836939,80.270186,High
2025-09-20 11:50:20+00:00,Chennai,Chennai,"RT @CaudeHenrion: 🧐#TribuneScientifique Mon amie Dr @ClareCraigPath a sorti une excellente video flash sur le tsunami de folie, dit COVID.…",13.0836939,80.270186,High
2025-09-20 11:50:19+00:00,Chennai,Chennai,"RT @sanewsdelhi: 📌🙏संत रामपाल जी महाराज ने कहा की बाढ़ पीड़ित मण्ढ़ाणा गाँव वालो की इतनी मदद कर दो जिसकी कोई हद नही। ✨💥

📍पुरा गाँव आज इस म…",13.0836939,80.270186,Low
2025-09-20 11:50:16+00:00,Chennai,Chennai,"RT @allenanalysis: 🚨#BREAKING: Protesters flood Times Square chanting “F*ck Charlie Kirk,” slamming him as racist and nothing like MLK. The…",13.0836939,80.270186,High
2025-09-20 11:50:15+00:00,Chennai,Chennai,"RT @BMTheEquityDesk: H1B Visa fees is no problem. Over the next two decades India will have a tsunami of jobs of its own!

Let’s plan for 2…",13.0836939,80.270186,Medium
2025-09-20 11:50:15+00:00,Chennai,Chennai,@Heccles94 I don’t want to pay to feed useless browns that can’t feed themselves and then flood our countries and ruin them ✊🏻,13.0836939,80.270186,High
2025-09-20 11:50:15+00:00,Chennai,Chennai,"RT @sadelhimundka: संत रामपाल जी महाराज ने बाढ़ पीड़ितों को बहुत राहत पहुंचाई।
 हरियाणा के लगभग 10 गांव को संत रामपाल जी महाराज ने बाढ़ से…",13.0836939,80.270186,High
2025-09-20 11:50:13+00:00,Chennai,Chennai,"RT @rapplerdotcom: FLOOD CONTROL, NOT FUND CONTROL ✊

Thousands of protesters are expected to join rallies at Luneta and the People Power M…",13.0836939,80.270186,High
2025-09-20 11:50:13+00:00,Chennai,Chennai,"RT @Sheela14619778: #SantRampalMaharaj
संत रामपाल जी महाराज जी ने आदेश दे दिए कि सभी आश्रमो का काम तुरंत रोक कर पहले सभी बाढ़ पीड़ित गांवों…",13.0836939,80.270186,High
2025-09-20 11:50:11+00:00,Chennai,Chennai,"$AVGO Sunum.FLOOD

*Broadcom, yarı iletken ve altyapı yazılım çözümleri alanında dünya lideri bir teknoloji şirketidir. Şirketin iş modeli, büyük ve stratejik olarak önemli pazarlarda lider konumdaki ürünleri geliştirmeye odaklanmıştır. https://t.co/UVmMNEvgXq",13.0836939,80.270186,High
2025-09-20 11:50:11+00:00,Chennai,Chennai,"RT @Eye_Fin_surgeon: #h1bvisa 

Tsunami before the weekend.

H1B visa fees 100000 USD per year

Rule signed by Trump. https://t.co/5idbRYl8…",13.0836939,80.270186,High
2025-09-20 11:50:09+00:00,Chennai,Chennai,RT @Red_N_Right: 🐬 I've coached in world class competitions. My Saddleback College Hall of Fame swimmer Don Flood qualified for final round…,13.0836939,80.270186,Medium
2025-09-20 11:50:08+00:00,Chennai,Chennai,"RT @Rehanjunejo01: #Flood victims need more than rations 🌊💔🏚
Only healthcare facilities and direct financial support can heal their wounds…",13.0836939,80.270186,High
2025-09-20 11:50:08+00:00,Chennai,Chennai,"RT @ABSCBNNews: Hundreds of residents, church leaders, and youth groups staged a rally and motorcade protest in Hagonoy, Bulacan, on Saturd…",13.0836939,80.270186,High
2025-09-20 11:50:04+00:00,Chennai,Chennai,"RT @PhilippineStar: Students from the country’s biggest universities are calling on the public to “flood Luneta” on September 21, 2025, to…",13.0836939,80.270186,High
2025-09-20 11:50:03+00:00,Chennai,Chennai,RT @DrowsyMauve: Toby watching the flood of Gaster donations roll in tomorrow https://t.co/b66V7kEJdZ,13.0836939,80.270186,High
2025-09-20 11:50:03+00:00,Chennai,Chennai,"RT @nzranasr: Salam all. Malaysian Medical Association Sabah are taking donations for flood victims. They need;
&gt;maggi
&gt;susu baby
&gt;biskut
&gt;…",13.0836939,80.270186,High
2025-09-20 11:50:02+00:00,Chennai,Chennai,"RT @DhruvRathenx: BREAKING : RaGa Tsunami on 🔥

राहुल गांधी के एटम बम पार्ट-2 ने वोट चोरी पर सारे रिकॉर्ड तोड़ दिए हैं और 10 करोड़ व्यूज़…",13.0836939,80.270186,High
2025-09-20 11:50:02+00:00,Chennai,Chennai,"पंजाब में बाढ आई है लाखों लोग बाढ से पीड़ित है आदरणीय अखिलेश यादव जी ने उनके हाल चाल जानने के लिए समाजवादी पार्टी की ओर से मा0 सांसद धर्मेन्द्र यादव  जी के नेतृत्व में एक कमेटी भेजी है, धर्मेंद्र यादव लगातार बाढ़ क्षेत्रों का दौरा कर रहे और लोगों के बीच मदद के लिए हाथ बटा रहे https://t.co/B7riwKU3HU",13.0836939,80.270186,0
2025-09-20 11:50:02+00:00,Chennai,Chennai,"RT @MSaqibShaikh190: Sindh Govt’s Flood Monitoring Cell issues latest water inflow &amp; outflow updates: Guddu 319,180/290,819 cusecs, Sukkur…",13.0836939,80.270186,0
2025-09-20 11:50:01+00:00,Chennai,Chennai,"""No one would take accountability for this, meanwhile my family were made homeless for approximately five months."" https://t.co/HsVfHwedQk",13.0836939,80.270186,High
2025-09-20 11:50:00+00:00,Chennai,Chennai,"RT @seoul_stop: ANNOUNCEMENT

Our Lacson branch will be CLOSED TOMORROW, September 21 (Sunday) as we join the people in denouncing the bill…",13.0836939,80.270186,0
2025-09-20 11:50:00+00:00,Chennai,Chennai,"RT @sadelhimundka: संत रामपाल जी महाराज ने बाढ़ पीड़ितों को बहुत राहत पहुंचाई।
 हरियाणा के लगभग 10 गांव को संत रामपाल जी महाराज ने बाढ़ से…",13.0836939,80.270186,High
2025-09-20 11:50:00+00:00,Chennai,Chennai,"RT @JournoMirror: पंजाब: बाढ़ पीड़ितों के हालात जानने लुधियाना पहुंची सांसद इकरा हसन, शाही इमाम मौलाना उस्मान लुधियानवी से की मुलाक़ात, बो…",13.0836939,80.270186,High
2025-09-20 11:49:59+00:00,Chennai,Chennai,@ExxAlerts The tends to happen when you flood a country with Somalians and Indians.,13.0836939,80.270186,High
2025-09-20 11:49:59+00:00,Chennai,Chennai,"RT @SaintRampalJiM: 💥 कलयुग में सतयुग की शुरुआत Part-2️💥

इस वीडियो में देखिए 🔥 चौंकाने वाले सबूत!
दिल्ली के अनाथ बच्चों से लेकर 🌊 बाढ़ पी…",13.0836939,80.270186,Medium
2025-09-20 11:49:58+00:00,Chennai,Chennai,"RT @EPxInsights: Flood as Cover🇵🇰

In Bahawalpur, Lashkar terrorists are exploiting flood relief efforts as a front for funding, recruitmen…",13.0836939,80.270186,0
2025-09-20 11:49:55+00:00,Chennai,Chennai,"RT @FarrhanaBhattFC: 🚨 HASHTAG BOOSTER ALERT 🚨

What’s your favorite Farhana Bhatt outfit/look? 👗✨

📌 Use these hashtags:
#FarrhanaBhatt
#F…",13.0836939,80.270186,High
2025-09-20 11:49:54+00:00,Chennai,Chennai,"RT @Nani______4: All Time Fastest 1cr advance gross in Hyderabad 😭💥💥🔥

Human Tsunami @PawanKalyan 🛐💀

#Theycallhimog https://t.co/uxwGmrX5q4",13.0836939,80.270186,High
2025-09-20 11:49:52+00:00,Chennai,Chennai,"RT @MarkAnthon71217: @RichHeydarian May silbi din pala si Bato, napapalabas yung ebidensya 🤣🤣🤣 nung nakaraan kay Discaya 2016 nag umpisa yu…",13.0836939,80.270186,High
2025-09-20 11:49:50+00:00,Chennai,Chennai,"RT @SatlokChannel: लितानी गाँव बाढ़ से तबाह हो रहा था। गांववालों को उम्मीद थी केवल 500 फीट पाइप की, पर संत रामपाल जी महाराज ने भेजी 15,000…",13.0836939,80.270186,High
2025-09-20 11:49:49+00:00,Chennai,Chennai,"RT @VisheshDas11: ~कलयुग में सतयुग की शुरुआत Part-2️
इस वीडियो में देखिए  चौंकाने वाले सबूत!
दिल्ली के अनाथ बच्चों से लेकर 🌊 बाढ़ पीड़ित…",13.0836939,80.270186,High
2025-09-20 11:49:49+00:00,Chennai,Chennai,"RT @MadanLa75567891: संत डा.MSG ने पिछले 10-15 दिनों पहले बारिश के कारण जो बाढ़ से तबाही आई थी,प्रभावित लोगों को राहत सामग्री पहुंचने के लि…",13.0836939,80.270186,Medium
2025-09-20 11:49:48+00:00,Chennai,Chennai,"@mohitlaws now like black money from Swiss vaults - talent will flow back into India. So much talent that they will flood the streets of Mumbai, Bangalore,Gurugram more than the monsoon now only manpower was left and that is coming. What thinking Sir! I think you are also not biological do",13.0836939,80.270186,High
2025-09-20 11:49:47+00:00,Chennai,Chennai,"RT @GlobalBrosCeo: @itsmeyoukraving said the Moans &amp; My legs behind My head Made Him flood my hole with Cum &amp; Keep Fuckin 🤤🍫💦

https://t.co…",13.0836939,80.270186,High
2025-09-20 11:49:46+00:00,Chennai,Chennai,RT @sanewsdelhi: 🔴 “महाराष्ट्र के सोलापुर ज़िले में राहत के कुछ दिन बाद फिर से भारी बारिश शुरू हो गई है। हालात बिगड़ने से सड़कों पर जलभराव…,13.0836939,80.270186,High
2025-09-20 11:49:44+00:00,Chennai,Chennai,"RT @allenanalysis: 🚨#BREAKING: Protesters flood Times Square chanting “F*ck Charlie Kirk,” slamming him as racist and nothing like MLK. The…",13.0836939,80.270186,High
2025-09-20 11:49:42+00:00,Chennai,Chennai,"RT @Nani______4: All Time Fastest 1cr advance gross in Hyderabad 😭💥💥🔥

Human Tsunami @PawanKalyan 🛐💀

#Theycallhimog https://t.co/uxwGmrX5q4",13.0836939,80.270186,High
2025-09-20 11:49:42+00:00,Chennai,Chennai,"RT @SatlokAshram: 💥 कलयुग में सतयुग की शुरुआत Part-2️💥

इस वीडियो में देखिए 🔥 चौंकाने वाले सबूत!
दिल्ली के अनाथ बच्चों से लेकर 🌊 बाढ़ पीड़ि…",13.0836939,80.270186,High
2025-09-20 11:49:37+00:00,Chennai,Chennai,"RT @SMCADMAN: Instead of invading Afghanistan again for P. somniferum L. to aid the ""Soma"" opium/opioid manufacturers to devastate vulnerab…",13.0836939,80.270186,High
2025-09-20 11:49:36+00:00,Chennai,Chennai,"RT @DhruvRathenx: BREAKING : RaGa Tsunami on 🔥

राहुल गांधी के एटम बम पार्ट-2 ने वोट चोरी पर सारे रिकॉर्ड तोड़ दिए हैं और 10 करोड़ व्यूज़…",13.0836939,80.270186,High
2025-09-20 11:49:35+00:00,Chennai,Chennai,"@Munna3938 @ChatterjAsking हाँ, मैंने देखा। मूल पोस्ट का वीडियो पाकिस्तान के कराची (गुलिस्तान-ए-जौहर) से अगस्त 2025 की बारिश का है, भारत से नहीं। यह गलत जगह जोड़ा जा रहा है। स्रोत: स्थानीय समाचार रिपोर्ट।",13.0836939,80.270186,Low
2025-09-20 11:49:32+00:00,Chennai,Chennai,"The Vortex,  (Modern Echo)
""2025’s 'The Vortex' reimagines her in a flood-ravaged world, reaching with a phi-spiral staff amid ruins. This central panel of our triptych spins 2025’s tensions (440/432 Hz) into a portal of hope. #HarmonicTriptych #HopeRises https://t.co/q1d5k3PtkX",13.0836939,80.270186,Medium
2025-09-20 11:49:31+00:00,Chennai,Chennai,RT @inquirerdotnet: Tuesday Vargas has called on her fellow artists to make a stand and join the street protests against corruption amid th…,13.0836939,80.270186,High
2025-09-20 11:49:31+00:00,Chennai,Chennai,"RT @Bhagal_Sanjuu: हिमाचल प्रदेश की जनता पहले ही बाढ़ से जूझ रही है, ऊपर से उनको सांसद भी ऐसी मिल गई है जो अपने कैफे में कमाई ना होने की वज…",13.0836939,80.270186,High
2025-09-20 11:49:30+00:00,Chennai,Chennai,"RT @muri_wanyam: 여기없는거도 포함된 28종

AAAAA
ANNIVERSARY
ANTARCTIC
APPLE
CRITTERCRASH
FLOOD
GARMENTDISPLAY
JESSICA
KIPERINA
LUCY
MATILDA
MOLDIR
N…",13.0836939,80.270186,Medium
2025-09-20 11:49:28+00:00,Chennai,Chennai,"RT @SATrueStory: 💥 कलयुग में सतयुग की शुरुआत Part-2️💥

इस वीडियो में देखिए 🔥 चौंकाने वाले सबूत!
दिल्ली के अनाथ बच्चों से लेकर 🌊 बाढ़ पीड़ित…",13.0836939,80.270186,High
2025-09-20 11:49:28+00:00,Chennai,Chennai,RT @sanewsdelhi: 🔴 “महाराष्ट्र के सोलापुर ज़िले में राहत के कुछ दिन बाद फिर से भारी बारिश शुरू हो गई है। हालात बिगड़ने से सड़कों पर जलभराव…,13.0836939,80.270186,High
2025-09-20 11:49:25+00:00,Chennai,Chennai,"💥 कलयुग में सतयुग की शुरुआत Part-2️💥

इस वीडियो में देखिए 🔥 चौंकाने वाले सबूत!
दिल्ली के अनाथ बच्चों से लेकर 🌊 बाढ़ पीड़ित गाँवों तक… 

❓क्या यह सब केवल संयोग है? या फिर वही अवतार आ चुका है 🙏 जिसकी प्रतीक्षा युगों से थी…

🎥 पूरा वीडियो अभी देखें: https://t.co/8R42aXCFJ7 https://t.co/t8jtOEtTDI",13.0836939,80.270186,High
2025-09-20 11:49:24+00:00,Chennai,Chennai,RT @SatlokChannel: गाँव लितानी (हिसार) को लाखो रुपयों के पाइप और मोटरें संत रामपाल जी महाराज ने दी | #hisar #flood https://t.co/7frnBcSlwN,13.0836939,80.270186,Low
2025-09-20 11:49:23+00:00,Chennai,Chennai,"RT @sanewsdelhi: 🌊 बाढ़ से जूझते मण्ढ़ाणा गाँव को संत रामपाल जी महाराज का साथ मिला 🙌 ₹20 लाख⭐✨+ की मदद 

📌🙏 गाँववालों ने संत रामपाल जी महा…",13.0836939,80.270186,High
2025-09-20 11:49:19+00:00,Chennai,Chennai,"RT @TheBritLad: If Islam is so great, why do Muslims flood to Christian countries?

Please explain.",13.0836939,80.270186,High
2025-09-20 11:49:18+00:00,Chennai,Chennai,"RT @allenanalysis: 🚨#BREAKING: Protesters flood Times Square chanting “F*ck Charlie Kirk,” slamming him as racist and nothing like MLK. The…",13.0836939,80.270186,High
2025-09-20 11:49:16+00:00,Chennai,Chennai,"RT @HarveenChadha: With this new H1B order, remote jobs are going to flood the market

Many employers will happy give 100k to remote worker…",13.0836939,80.270186,High
2025-09-20 11:49:16+00:00,Chennai,Chennai,"💥 कलयुग में सतयुग की शुरुआत Part-2️💥

इस वीडियो में देखिए 🔥 चौंकाने वाले सबूत!
दिल्ली के अनाथ बच्चों से लेकर 🌊 बाढ़ पीड़ित गाँवों तक… 

❓क्या यह सब केवल संयोग है? या फिर वही अवतार आ चुका है 🙏 जिसकी प्रतीक्षा युगों से थी…

🎥 पूरा वीडियो अभी देखें: https://t.co/8R42aXCFJ7 https://t.co/KXTYZo6Di8",13.0836939,80.270186,High
2025-09-20 11:49:15+00:00,Chennai,Chennai,"RT @PhilstarNews: SEPT. 21 RALLIES: WHAT TO KNOW

Thousands are expected at Luneta and EDSA on September 21, the 53rd anniversary of martia…",13.0836939,80.270186,High
2025-09-20 11:49:13+00:00,Chennai,Chennai,"RT @freakniggat: Told bro i’m tryn flood u up, lemme dig in that pussy 😈🍆💦
ᶠᵘˡˡ ᵛⁱᵈᵉᵒ ᵒⁿ ᵐʸ ᵒⁿˡʸᶠᵃⁿˢ ᵃⁿᵈ ᴶᶠᶠ!
@certifiedbro4u 
@freakniggat…",13.0836939,80.270186,High
2025-09-20 11:49:13+00:00,Chennai,Chennai,"RT @sanewsdelhi: 📌🙏संत रामपाल जी महाराज ने कहा की बाढ़ पीड़ित मण्ढ़ाणा गाँव वालो की इतनी मदद कर दो जिसकी कोई हद नही। ✨💥

📍पुरा गाँव आज इस म…",13.0836939,80.270186,Low
2025-09-20 11:49:12+00:00,Chennai,Chennai,RT @SatlokChannel: गाँव लितानी (हिसार) को लाखो रुपयों के पाइप और मोटरें संत रामपाल जी महाराज ने दी | #hisar #flood https://t.co/7frnBcSlwN,13.0836939,80.270186,Low
2025-09-20 11:49:12+00:00,Chennai,Chennai,"RT @DrBlind00: ताबड़तोड़ फॉलोवर्स की बारिश शुरू है🔥

अभी करो फॉलो 👉 @rajtalksalways

जो रिट्वीट करेगा, उससे कनेक्ट होना ना भूलो 🤝

कमेंट…",13.0836939,80.270186,High
2025-09-20 11:49:11+00:00,Chennai,Chennai,"RT @HarveenChadha: With this new H1B order, remote jobs are going to flood the market

Many employers will happy give 100k to remote worker…",13.0836939,80.270186,High
2025-09-20 11:49:11+00:00,Chennai,Chennai,"RT @timesofindia: 'You should also understand my grief... Yesterday, my restaurant did a business of Rs 50, and the monthly salary of the e…",13.0836939,80.270186,Low
2025-09-20 11:49:11+00:00,Chennai,Chennai,"RT @Xaif_Crypto: 🚨:Wall Street giants are quietly stacking #XRP Dr. Jim Willie says

BlackRock &amp; JPMorgan are loading up behind the scenes.…",13.0836939,80.270186,High
2025-09-20 11:49:10+00:00,Chennai,Chennai,"RT @SoullessSenseii: BLUE ARCHIVE GOT THE

WE ARE LIVING OUR LIVES

ABOUND WITH SO MUCH INFORMATION

CMON LET GO OF THE REMOTE DONT YOU KNO…",13.0836939,80.270186,High
2025-09-20 11:49:10+00:00,Chennai,Chennai,"RT @anitavladivoski: पंजाब में आई बाढ़ से किसान तबाह  !

किसानो के तथाकथित नेता ""राकेश डकैत"" हवाई जहाज में ""मलाई"" चेपते हुए  !

विदेश भ्रमण…",13.0836939,80.270186,High
2025-09-20 11:49:10+00:00,Chennai,Chennai,"RT @sanewsdelhi: 🌊 बाढ़ से जूझते मण्ढ़ाणा गाँव को संत रामपाल जी महाराज का साथ मिला 🙌 ₹20 लाख⭐✨+ की मदद 

📌🙏 गाँववालों ने संत रामपाल जी महा…",13.0836939,80.270186,High
2025-09-20 11:49:07+00:00,Chennai,Chennai,"RT @rapplerdotcom: FLOOD CONTROL, NOT FUND CONTROL ✊

Thousands of protesters are expected to join rallies at Luneta and the People Power M…",13.0836939,80.270186,High
2025-09-20 11:49:07+00:00,Chennai,Chennai,"RT @VajraCorps_IA: 🇮🇳 #OperationRahat | Care with Compassion
In flood-threatened #RukhnewalaKalan, #Ferozepur — the sudden rise of Sutlej w…",13.0836939,80.270186,Medium
2025-09-20 11:49:06+00:00,Chennai,Chennai,"RT @Rehanjunejo01: #Flood victims need more than rations 🌊💔🏚
Only healthcare facilities and direct financial support can heal their wounds…",13.0836939,80.270186,High
2025-09-20 11:49:06+00:00,Chennai,Chennai,"RT @BMTheEquityDesk: H1B Visa fees is no problem. Over the next two decades India will have a tsunami of jobs of its own!

Let’s plan for 2…",13.0836939,80.270186,Medium
2025-09-20 11:49:06+00:00,Chennai,Chennai,"RT @Millat_Times: मुंबई के मंम्बरा इलाके का एक वीडियो तेजी से वायरल हो रहा है, जिसमें मशहूर इंफ्लुएंसर मरज़िया शानू पठान तेज़ बारिश के बाव…",13.0836939,80.270186,Medium
2025-09-20 11:49:06+00:00,Chennai,Chennai,"💥 कलयुग में सतयुग की शुरुआत Part-2️💥

इस वीडियो में देखिए 🔥 चौंकाने वाले सबूत!
दिल्ली के अनाथ बच्चों से लेकर 🌊 बाढ़ पीड़ित गाँवों तक… 

❓क्या यह सब केवल संयोग है? या फिर वही अवतार आ चुका है 🙏 जिसकी प्रतीक्षा युगों से थी…

🎥 पूरा वीडियो अभी देखें: https://t.co/8R42aXCFJ7 https://t.co/vrmAhsiuGk",13.0836939,80.270186,High
2025-09-20 11:49:04+00:00,Chennai,Chennai,"RT @ABPNews: ये वीडियो बिहार के पटना से सामने आया है, जहां बारिश की वजह से जंक्शन के पास नवनिर्मित मल्टी मोडल हब के पास सड़क धंस गई और वहां…",13.0836939,80.270186,High
2025-09-20 11:49:04+00:00,Chennai,Chennai,"RT @sanewsdelhi: 📌🙏संत रामपाल जी महाराज ने कहा की बाढ़ पीड़ित मण्ढ़ाणा गाँव वालो की इतनी मदद कर दो जिसकी कोई हद नही। ✨💥

📍पुरा गाँव आज इस म…",13.0836939,80.270186,Low
2025-09-20 11:49:03+00:00,Chennai,Chennai,"RT @sanewsdelhi: 📌🙏संत रामपाल जी महाराज ने कहा की बाढ़ पीड़ित मण्ढ़ाणा गाँव वालो की इतनी मदद कर दो जिसकी कोई हद नही। ✨💥

📍पुरा गाँव आज इस म…",13.0836939,80.270186,Low
2025-09-20 11:49:02+00:00,Chennai,Chennai,"RT @MaryKostakidis: Israel to flood Gaza City with explosive-laden robots

Army set to deploy ‘unprecedented’ number of remote-controlled v…",13.0836939,80.270186,High
2025-09-20 11:49:02+00:00,Chennai,Chennai,"RT @scrag_boy: Severe earthquake warning, followed by an immediate flood watch. https://t.co/0GgUZjATO3",13.0836939,80.270186,High
2025-09-20 11:49:00+00:00,Chennai,Chennai,RT @hymnfortaiwa: eastern cape government must build a new town but they don’t have contingency emergency plans in case of natural disaster…,13.0836939,80.270186,High
2025-09-20 11:48:59+00:00,Chennai,Chennai,RT @AAPGauravSingh: यूनियन बैंक ऑफ इंडिया के वरिष्ठ अधिकारियों ने सीएम @BhagwantMann से मुलाकात कर 'मिशन चडीकला' में 2 करोड़ रुपये का चेक…,13.0836939,80.270186,Medium
2025-09-20 11:48:59+00:00,Chennai,Chennai,"From I started seeing the one bag a ants in my house I knew we were gonna get a decent amount of rain. The flooding also isn’t shocking because once there is a period of drought, the place ago flood once it rains especially in that magnitude",13.0836939,80.270186,High
2025-09-20 11:48:58+00:00,Chennai,Chennai,"RT @p_sahibsingh: इस बार दिल्ली में रिकॉर्ड तोड़ बारिश हुई, पीछे से बाढ़ का खतरा भी आया, लेकिन हमारी सरकार की कड़ी मेहनत, सतर्कता और बेहतर…",13.0836939,80.270186,Medium
2025-09-20 11:48:58+00:00,Chennai,Chennai,"RT @BMTheEquityDesk: H1B Visa fees is no problem. Over the next two decades India will have a tsunami of jobs of its own!

Let’s plan for 2…",13.0836939,80.270186,Medium
2025-09-20 11:48:57+00:00,Chennai,Chennai,"@ShadowofEzra If history was repeating itself, the USA would be deporting every last Jew in the nation for usury, tax-farming, perverting the legal system, destroying the art world, murdering JFK, and deceptively passing the 1965 Hart-Celler Act to flood the nation with non-White refuse.",13.0836939,80.270186,High
2025-09-20 11:48:57+00:00,Chennai,Chennai,"RT @DhruvRathenx: BREAKING : RaGa Tsunami on 🔥

राहुल गांधी के एटम बम पार्ट-2 ने वोट चोरी पर सारे रिकॉर्ड तोड़ दिए हैं और 10 करोड़ व्यूज़…",13.0836939,80.270186,High
2025-09-20 11:48:57+00:00,Chennai,Chennai,@MDNnewss Her job is to seperate the rich from the poor like in the eastern cape and then flood Johannesburg with cheap labour from illegal foreingers! https://t.co/pNaPfE171i,13.0836939,80.270186,High
2025-09-20 11:48:57+00:00,Chennai,Chennai,"The Lament (Modern Grief)
""2025’s 'The Lament' places her in flood-wrecked cliffs, clutching a seaweed-wrapped phone. The triptych begins with climate grief and digital isolation (440 Hz). #HarmonicTriptych #SacredWound https://t.co/LiPz2ys8i1",13.0836939,80.270186,Medium
2025-09-20 11:48:55+00:00,Chennai,Chennai,"@Agent_Wash8307 @TheRealQuenny Cause it does.
Literally kicks in a doorway before you fight flood, a hall after (with more flood) and have had many instances of still fighting enemies where it kicks in lmao.
Also who actually played desert bus cause most of those hours are 3 and CE.",13.0836939,80.270186,Medium
2025-09-20 11:48:54+00:00,Chennai,Chennai,"💥 कलयुग में सतयुग की शुरुआत Part-2️💥

इस वीडियो में देखिए 🔥 चौंकाने वाले सबूत!
दिल्ली के अनाथ बच्चों से लेकर 🌊 बाढ़ पीड़ित गाँवों तक… 

❓क्या यह सब केवल संयोग है? या फिर वही अवतार आ चुका है 🙏 जिसकी प्रतीक्षा युगों से थी…

🎥 पूरा वीडियो अभी देखें: https://t.co/8R42aXCFJ7 https://t.co/4V0nr28AjD",13.0836939,80.270186,High
2025-09-20 11:48:53+00:00,Chennai,Chennai,"@TrackTwood Limitations lo kuda Limitless bookings 🔥
This is the true craze of the People’s Star 👑
Sept 25th = Mass Tsunami guaranteed 🌊💥

#TheyCallHimOG #OGonSept25 @PawanKalyan",13.0836939,80.270186,High
2025-09-20 11:48:52+00:00,Chennai,Chennai,"RT @HarveenChadha: With this new H1B order, remote jobs are going to flood the market

Many employers will happy give 100k to remote worker…",13.0836939,80.270186,High
2025-09-20 11:48:50+00:00,Chennai,Chennai,"RT @Sai_VK_18: All Time Fastest 1cr advance gross in Hyderabad 😭💥💥🔥

Human Tsunami @PawanKalyan 🛐🙏

#Theycallhimog https://t.co/hoFA6WUyP3",13.0836939,80.270186,High
2025-09-20 11:48:50+00:00,Chennai,Chennai,"RT @Millat_Times: मुंबई के मंम्बरा इलाके का एक वीडियो तेजी से वायरल हो रहा है, जिसमें मशहूर इंफ्लुएंसर मरज़िया शानू पठान तेज़ बारिश के बाव…",13.0836939,80.270186,Medium
2025-09-20 11:48:48+00:00,Chennai,Chennai,"RT @VajraCorps_IA: 🇮🇳 #OpRAAHAT | Care with Compassion
In flood-hit #Gonewala, #AmritsarDistrict — #PantherDivision swiftly evacuated a 60-…",13.0836939,80.270186,Medium
2025-09-20 11:48:46+00:00,Chennai,Chennai,"RT @FarrhanaBhattFC: 🚨 HASHTAG BOOSTER ALERT 🚨

What’s your favorite Farhana Bhatt outfit/look? 👗✨

📌 Use these hashtags:
#FarrhanaBhatt
#F…",13.0836939,80.270186,High
2025-09-20 12:03:53+00:00,Kolkata,Kolkata,"RT @RonaldoTR99: 🧵 FLOOD

🇫🇷🔴🟡 Kulüplerimizin, Junior Olaitan gibi Fransa Ligleri'nden Değerlendirebilecekleri U23 Bazı İsimleri Listeledim…",22.5726459,88.3638953,Low
2025-09-20 12:03:52+00:00,Kolkata,Kolkata,"RT @BMTheEquityDesk: H1B Visa fees is no problem. Over the next two decades India will have a tsunami of jobs of its own!

Let’s plan for 2…",22.5726459,88.3638953,Medium
2025-09-20 12:03:51+00:00,Kolkata,Kolkata,RT @sierramistt420: When the fake sugar daddies flood your DMs https://t.co/PbRf5R5E0B,22.5726459,88.3638953,High
2025-09-20 12:03:51+00:00,Kolkata,Kolkata,"RT @HarveenChadha: With this new H1B order, remote jobs are going to flood the market

Many employers will happy give 100k to remote worker…",22.5726459,88.3638953,High
2025-09-20 12:03:51+00:00,Kolkata,Kolkata,RT @NOELreports: A Russian soldier comments on the situation after a Ukrainian attack. “We’re screwed here! Everything’s on fire: generator…,22.5726459,88.3638953,High
2025-09-20 12:03:50+00:00,Kolkata,Kolkata,"RT @AdamJSchwarz: Trump says he specifically requested that @SadiqKhan should be excluded from the UK state banquet:

""On immigration, he's…",22.5726459,88.3638953,High
2025-09-20 12:03:50+00:00,Kolkata,Kolkata,"RT @afoc_official: 《リリース情報》

UNISON SQUARE GARDEN田淵智也
ソロカバーアルバム『田淵智也』
【2025年12月3日(水)リリース】

a flood of circleのDancing Zombiezをカヴァーしてくれました🧟…",22.5726459,88.3638953,Medium
2025-09-20 12:03:49+00:00,Kolkata,Kolkata,"RT @CitiusMag: No drama for Team USA for once 😅

Christian Coleman, Ronnie Baker, Trayvon Bromell, and T’Mars McCallum get the stick around…",22.5726459,88.3638953,Low
2025-09-20 12:03:49+00:00,Kolkata,Kolkata,RT @Councillorsuzie: How dare he spend our money in this way when we have so many issues in our country that we need sorted out. This Labou…,22.5726459,88.3638953,High
2025-09-20 12:03:49+00:00,Kolkata,Kolkata,"Zen -Zee genration and their own version to collect donations for the Punjab flood victims rehabilitation.

#Music is the bestest #Tharapy I suppose for any generation.
https://t.co/bLTQbYnKgr",22.5726459,88.3638953,High
2025-09-20 12:03:48+00:00,Kolkata,Kolkata,RT @Redpuppy5: Bathing my dog was a disaster https://t.co/4qVvh8eamy,22.5726459,88.3638953,High
2025-09-20 12:03:48+00:00,Kolkata,Kolkata,"RT @fmcocolo765: SUPER EIGHT の丸山隆平と
　休日課長がオーガナイズする
　　ベースの日のイベント
THE BASS DAY 10th Anniversary
　　　　　　　Groove-Method LIVE
＼＼＼\ 東京・大阪で開催！/／／／…",22.5726459,88.3638953,High
2025-09-20 12:03:46+00:00,Kolkata,Kolkata,RT @Councillorsuzie: How dare he spend our money in this way when we have so many issues in our country that we need sorted out. This Labou…,22.5726459,88.3638953,High
2025-09-20 12:03:46+00:00,Kolkata,Kolkata,"RT @HarveenChadha: With this new H1B order, remote jobs are going to flood the market

Many employers will happy give 100k to remote worker…",22.5726459,88.3638953,High
2025-09-20 12:03:46+00:00,Kolkata,Kolkata,@Tapiaun @Nsaniity_ @Wusitme @AlikairArts @LUXXK7 @Genshin_Forever @Flood_Dokkan @DokkanEssential @DokkanAssets @Luca_dokkan @AirDokkan @illusPlatypus @TheMaskedNingen @TheIroncane @KAD_ProductionZ @DaTruthDT @Son_Goku_Mid @AbuBeast_ @ToonRami @glacierHitku @PotarasMight,22.5726459,88.3638953,High
2025-09-20 12:03:45+00:00,Kolkata,Kolkata,RT @Councillorsuzie: How dare he spend our money in this way when we have so many issues in our country that we need sorted out. This Labou…,22.5726459,88.3638953,High
2025-09-20 12:03:43+00:00,Kolkata,Kolkata,"RT @SatlokAshram: 💥 कलयुग में सतयुग की शुरुआत Part-2️💥

इस वीडियो में देखिए 🔥 चौंकाने वाले सबूत!
दिल्ली के अनाथ बच्चों से लेकर 🌊 बाढ़ पीड़ि…",22.5726459,88.3638953,High
2025-09-20 12:03:43+00:00,Kolkata,Kolkata,RT @AAPUttarPradesh: देश को आजादी दिलाने में अपनी अग्रिम भूमिका निभाने वाले सौराष्ट्र के किसानों को आजादी के 78 साल बाद आज बाढ़ और केमिकल…,22.5726459,88.3638953,Medium
2025-09-20 12:03:43+00:00,Kolkata,Kolkata,@EdnStuff @billmaher Exactly. These clowns try soo hard to blame TRUMP. The subject was the assassination of Charlie Kirk but jimmy decided to smear everyone who supports THE PRESIDENT OF GHE UNITED STATES. ABC isn’t in business to make customers hate them. Disney found that out w Snow White disaster,22.5726459,88.3638953,High
2025-09-20 12:03:42+00:00,Kolkata,Kolkata,"RT @realRonaldMark: In the midst of this flood calamity, the Lord was doing something new in Pakistan. Listen for yourself as #ProphetElvis…",22.5726459,88.3638953,High
2025-09-20 12:03:41+00:00,Kolkata,Kolkata,"What Have We Learnt From Our Neighbours' Misfortunes?
https://t.co/NMaqB8qI5e
Three, the day people lose faith in the entire political class—all of them—it’s game over. That’s when the streets take over, and no police lathi or legal loophole can hold the flood. #PoliticalClass",22.5726459,88.3638953,High
2025-09-20 12:03:40+00:00,Kolkata,Kolkata,"RT @Chimpteshwar: All Time Fastest 1cr advance gross in Hyderabad 😭💥💥🔥

Human Tsunami @PawanKalyan 🛐🙏

#TheyCallHimOG https://t.co/pL3wdIyw…",22.5726459,88.3638953,High
2025-09-20 12:03:40+00:00,Kolkata,Kolkata,"RT @JMPEXERSOFC: 𝗘𝗡𝗚𝗔𝗚𝗘𝗠𝗘𝗡𝗧 𝗕𝗢𝗢𝗦𝗧𝗘𝗥 𝗧𝗪𝗢 ˳ᐟ 

Drop your “I do…” three-word affirmation below. Let’s flood the feed with clarity, courage and…",22.5726459,88.3638953,High
2025-09-20 12:03:40+00:00,Kolkata,Kolkata,RT @Ggk_here_: Trump’s h1b visa bombshell could mean a flood of other state NRIs in Karnataka. Kannadigas must prepare before being pushed…,22.5726459,88.3638953,High
2025-09-20 12:03:39+00:00,Kolkata,Kolkata,RT @Councillorsuzie: How dare he spend our money in this way when we have so many issues in our country that we need sorted out. This Labou…,22.5726459,88.3638953,High
2025-09-20 12:03:39+00:00,Kolkata,Kolkata,"Well, those relays were a bit of a disaster across the board. Team GB only having two out of four qualify for the final isn't good enough either.",22.5726459,88.3638953,High
2025-09-20 12:03:38+00:00,Kolkata,Kolkata,RT @Councillorsuzie: How dare he spend our money in this way when we have so many issues in our country that we need sorted out. This Labou…,22.5726459,88.3638953,High
2025-09-20 12:03:38+00:00,Kolkata,Kolkata,"RT @TheAcidBurns3: ""They're gonna put you on a list""

The best way to make a list useless is to flood it. So join me, or shut up.

I'm not…",22.5726459,88.3638953,High
2025-09-20 12:03:36+00:00,Kolkata,Kolkata,"RT @IndiaWarMonitor: These are the US workers sidelined by the flood of Indian H-1B visa holders.

Trump has slapped a $100,000 annual fee…",22.5726459,88.3638953,High
2025-09-20 12:03:36+00:00,Kolkata,Kolkata,@ridewithstakz Mixing both is a recipe for disaster,22.5726459,88.3638953,Low
2025-09-20 12:03:34+00:00,Kolkata,Kolkata,RT @FranciscoF95548: @SocCivilMx @Claudiashein En el gobierno están en pánico total y no pueden detener el tsunami que viene 1ro de octubre…,22.5726459,88.3638953,High
2025-09-20 12:03:34+00:00,Kolkata,Kolkata,"RT @SatlokChannel: लितानी गाँव बाढ़ से तबाह हो रहा था। गांववालों को उम्मीद थी केवल 500 फीट पाइप की, पर संत रामपाल जी महाराज ने भेजी 15,000…",22.5726459,88.3638953,High
2025-09-20 12:03:32+00:00,Kolkata,Kolkata,"RT @PrtiBimb: ग़म की बारिश में भीगे है हम..
दिल से निकले हुए लफ्ज़ बने है हम..",22.5726459,88.3638953,High
2025-09-20 12:03:32+00:00,Kolkata,Kolkata,@MayorToddGloria Wow. Such a great first step to addressing the disaster housing issue! $5B is huge and so needed. Great to see mix of players!,22.5726459,88.3638953,High
2025-09-20 12:03:30+00:00,Kolkata,Kolkata,"RT @SatlokChannel: लितानी गाँव बाढ़ से तबाह हो रहा था। गांववालों को उम्मीद थी केवल 500 फीट पाइप की, पर संत रामपाल जी महाराज ने भेजी 15,000…",22.5726459,88.3638953,High
2025-09-20 12:03:30+00:00,Kolkata,Kolkata,"RT @sadelhimundka: संत रामपाल जी महाराज ने बाढ़ पीड़ितों को बहुत राहत पहुंचाई।
 हरियाणा के लगभग 10 गांव को संत रामपाल जी महाराज ने बाढ़ से…",22.5726459,88.3638953,High
2025-09-20 12:03:30+00:00,Kolkata,Kolkata,RT @soldierboy_23: Trump’s decisions have nothing to do with Modi. It’s the Congress-era disaster that left Indians drowning in deprivation…,22.5726459,88.3638953,High
2025-09-20 12:03:30+00:00,Kolkata,Kolkata,"RT @FarrhanaBhattFC: 🚨 HASHTAG BOOSTER ALERT 🚨

What’s your favorite Farhana Bhatt outfit/look? 👗✨

📌 Use these hashtags:
#FarrhanaBhatt
#F…",22.5726459,88.3638953,High
2025-09-20 12:03:29+00:00,Kolkata,Kolkata,"RT @RoshanKrRaii: H1B Visa fees hiked exponentially.

Pak-Saudi sign historic defence pact.

Trump’s crippling tariffs might increase.

Exe…",22.5726459,88.3638953,High
2025-09-20 12:03:29+00:00,Kolkata,Kolkata,"RT @afoc_official: 《リリース情報》

UNISON SQUARE GARDEN田淵智也
ソロカバーアルバム『田淵智也』
【2025年12月3日(水)リリース】

a flood of circleのDancing Zombiezをカヴァーしてくれました🧟…",22.5726459,88.3638953,Medium
2025-09-20 12:03:29+00:00,Kolkata,Kolkata,"California is a disaster 
https://t.co/HVWKJ8DHdo",22.5726459,88.3638953,High
2025-09-20 12:03:29+00:00,Kolkata,Kolkata,"RT @BorisJohnson: The wettest generation since the Flood! Today's youth are too scared to drive, drink and many don't have sex. And they're…",22.5726459,88.3638953,Low
2025-09-20 12:03:28+00:00,Kolkata,Kolkata,"RT @HarveenChadha: With this new H1B order, remote jobs are going to flood the market

Many employers will happy give 100k to remote worker…",22.5726459,88.3638953,High
2025-09-20 12:03:28+00:00,Kolkata,Kolkata,"$NFLX Sunum.FLOOD

*Netflix, dünya çapında lider bir eğlence platformudur. Temel iş modeli, üyelik aboneliği karşılığında geniş bir film, dizi ve belgesel kütüphanesine sınırsız erişim sağlamaya dayanmaktadır. https://t.co/HmPvihN1AG",22.5726459,88.3638953,High
2025-09-20 12:03:28+00:00,Kolkata,Kolkata,"RT @muktanandsahu_: 🙌🏻 मण्ढ़ाणा गाँव को मिला 20 लाख + का सामान 🏠
भिवानी ज़िले का मंडाना गाँव बाढ़ में चारों तरफ़ से घिरा हुआ था। 🚫🛣️ खेत डू…",22.5726459,88.3638953,High
2025-09-20 12:03:27+00:00,Kolkata,Kolkata,@DPadenAkaterry @grok I’ve explained in detail how this actually works and what this analogy actually allows us to predict and you relentlessly pretend as if we’re talking about adding a global flood into an evolutionary time line because you’re a liar. Plain and simple.,22.5726459,88.3638953,High
2025-09-20 12:03:26+00:00,Kolkata,Kolkata,"Paledusk
OUR DAYBREAK vol.11
9/30 渋谷CYCLONE w/FALLING ASLEEP

OUR DAYBREAK vol.12
10/1 新宿ACB HALL w/PROMPTS

求)各日チケット×1枚

譲)定価+手数料

人気の公演なのは承知ですが、お心当たりの方がいらっしゃいましたらご連絡よろしくお願いします🙇‍♂️",22.5726459,88.3638953,Low
2025-09-20 12:03:25+00:00,Kolkata,Kolkata,"RT @greatervince: Zack Polanski is playing the right strategy. Flood the zone, be completely ubiquitous. Just keep appearing on social medi…",22.5726459,88.3638953,High
2025-09-20 12:03:24+00:00,Kolkata,Kolkata,"RT @OverwatchAlways: I finally made a whole new account for my Throne page 💅
So I don’t totally flood my main hehe~
Now all the cute lil lu…",22.5726459,88.3638953,High
2025-09-20 12:03:23+00:00,Kolkata,Kolkata,"RT @DevilArtemisX: AI slop gets boosted while actual artists get buried?
Apparently the goal is to flood the Platform with AI garbage now?…",22.5726459,88.3638953,High
2025-09-20 12:03:23+00:00,Kolkata,Kolkata,@SenatorWarnock Obama care was forecast to increase cost and it did. Now you want tax payers to pay for the disaster your party created. NO,22.5726459,88.3638953,High
2025-09-20 12:03:21+00:00,Kolkata,Kolkata,"RT @Sheela14619778: #SantRampalMaharaj
संत रामपाल जी महाराज जी ने आदेश दे दिए कि सभी आश्रमो का काम तुरंत रोक कर पहले सभी बाढ़ पीड़ित गांवों…",22.5726459,88.3638953,High
2025-09-20 12:03:21+00:00,Kolkata,Kolkata,"RT @rapplerdotcom: FLOOD CONTROL, NOT FUND CONTROL ✊

Thousands of protesters are expected to join rallies at Luneta and the People Power M…",22.5726459,88.3638953,High
2025-09-20 12:03:19+00:00,Kolkata,Kolkata,RT @myth_pilot: The worst thing Elon ever did with this platform besides opening the gates to a flood of Indians was to ruthlessly crush Su…,22.5726459,88.3638953,Low
2025-09-20 12:03:19+00:00,Kolkata,Kolkata,"RT @SaintRampalJiM: 💥 कलयुग में सतयुग की शुरुआत Part-2️💥

इस वीडियो में देखिए 🔥 चौंकाने वाले सबूत!
दिल्ली के अनाथ बच्चों से लेकर 🌊 बाढ़ पी…",22.5726459,88.3638953,Medium
2025-09-20 12:03:17+00:00,Kolkata,Kolkata,"RT @FarrhanaBhattFC: 🚨 HASHTAG BOOSTER ALERT 🚨

What’s your favorite Farhana Bhatt outfit/look? 👗✨

📌 Use these hashtags:
#FarrhanaBhatt
#F…",22.5726459,88.3638953,High
2025-09-20 12:03:16+00:00,Kolkata,Kolkata,बाढ़ पीड़ित गाँव को लगातार मदद मिलती जा रही है | #floodrelief https://t.co/HKQ66DCeLt,22.5726459,88.3638953,Low
2025-09-20 12:03:16+00:00,Kolkata,Kolkata,"RT @afoc_official: 《リリース情報》

UNISON SQUARE GARDEN田淵智也
ソロカバーアルバム『田淵智也』
【2025年12月3日(水)リリース】

a flood of circleのDancing Zombiezをカヴァーしてくれました🧟…",22.5726459,88.3638953,Medium
2025-09-20 12:03:16+00:00,Kolkata,Kolkata,@Leafy_Disaster Matou meu argumento,22.5726459,88.3638953,Low
2025-09-20 12:03:16+00:00,Kolkata,Kolkata,"RT @DhruvRathenx: BREAKING : RaGa Tsunami on 🔥

राहुल गांधी के एटम बम पार्ट-2 ने वोट चोरी पर सारे रिकॉर्ड तोड़ दिए हैं और 10 करोड़ व्यूज़…",22.5726459,88.3638953,High
2025-09-20 12:03:14+00:00,Kolkata,Kolkata,"RT @BMTheEquityDesk: H1B Visa fees is no problem. Over the next two decades India will have a tsunami of jobs of its own!

Let’s plan for 2…",22.5726459,88.3638953,Medium
2025-09-20 12:03:13+00:00,Kolkata,Kolkata,"RT @Chimpteshwar: Since 2013 

Gopala Gopala - Avg
Sardar - Disaster 
Katamarayudu - Flop 
Agnyathavasi - Disaster
Vakeelsaab - Avg
Bheemla…",22.5726459,88.3638953,Medium
2025-09-20 12:03:10+00:00,Kolkata,Kolkata,"📌 RUHİ SU Flood

Halk müziği yorumcusu, besteci, şair…
Batı müziği tekniğiyle türküyü buluşturan büyük sanatçı.
Sürgünler, yasaklar, hapishaneler… Ve halkın yüreğinde büyüyen bir ses.

İşte 1912 Van’da başlayıp 1985 İstanbul’da son bulan Ruhi Su’nun hikâyesi: 🧵 https://t.co/FLh6CU1ETt",22.5726459,88.3638953,High
2025-09-20 12:03:08+00:00,Kolkata,Kolkata,"RT @afoc_official: 《リリース情報》

UNISON SQUARE GARDEN田淵智也
ソロカバーアルバム『田淵智也』
【2025年12月3日(水)リリース】

a flood of circleのDancing Zombiezをカヴァーしてくれました🧟…",22.5726459,88.3638953,Medium
2025-09-20 12:03:07+00:00,Kolkata,Kolkata,"RT @shalinigudiya: बारिश के समय कमरे से सटे छज्जे में बैठकर बाहर का नजारा देखने में बड़ा सुन्दर लग रहा है।👄🌺🌿💕💋🍃
लगता है,मानसून मेरी ही तरफ…",22.5726459,88.3638953,Medium
2025-09-20 12:03:07+00:00,Kolkata,Kolkata,"RT @HouseGOP: 🚨Democrats are AMERICA LAST.

They voted NO on paychecks for our troops. They voted to GUT rural healthcare. They voted NO on…",22.5726459,88.3638953,Low
2025-09-20 12:03:07+00:00,Kolkata,Kolkata,"RT @CitiusMag: No drama for Team USA for once 😅

Christian Coleman, Ronnie Baker, Trayvon Bromell, and T’Mars McCallum get the stick around…",22.5726459,88.3638953,Low
2025-09-20 12:03:05+00:00,Kolkata,Kolkata,"RT @Wood_House76: @ShannonJoyRadio Hi @ShannonJoyRadio

On the Doc Malik  podcast, 12 Sept 2025, you said:

""He [Tucker Carlson] was highly…",22.5726459,88.3638953,0
2025-09-20 12:03:05+00:00,Kolkata,Kolkata,RT @Councillorsuzie: How dare he spend our money in this way when we have so many issues in our country that we need sorted out. This Labou…,22.5726459,88.3638953,High
2025-09-20 12:03:04+00:00,Kolkata,Kolkata,"RT @fmcocolo765: SUPER EIGHT の丸山隆平と
　休日課長がオーガナイズする
　　ベースの日のイベント
THE BASS DAY 10th Anniversary
　　　　　　　Groove-Method LIVE
＼＼＼\ 東京・大阪で開催！/／／／…",22.5726459,88.3638953,High
2025-09-20 12:03:01+00:00,Kolkata,Kolkata,"RT @HydREGuide: 😕
@revanth_anumula says ,L&amp;T has to listen to state term's and he is not going to listen to them.
He blames @kishanreddybjp…",22.5726459,88.3638953,Low
2025-09-20 12:03:01+00:00,Kolkata,Kolkata,"RT @BorisJohnson: The wettest generation since the Flood! Today's youth are too scared to drive, drink and many don't have sex. And they're…",22.5726459,88.3638953,Low
2025-09-20 12:03:01+00:00,Kolkata,Kolkata,"RT @Beat_Rev: @rutasosabu Japan, you have seen what they did to the west.  Heed the warning, the globalists are going to flood your country…",22.5726459,88.3638953,High
2025-09-20 12:03:01+00:00,Kolkata,Kolkata,RT @FreedomEagleAB: @Barbsgobrandon @nenshi I left out a few things... Stealing disability benefits. CorruptCare. Highest insurance rates i…,22.5726459,88.3638953,High
2025-09-20 12:02:58+00:00,Kolkata,Kolkata,"RT @BMTheEquityDesk: H1B Visa fees is no problem. Over the next two decades India will have a tsunami of jobs of its own!

Let’s plan for 2…",22.5726459,88.3638953,Medium
2025-09-20 12:02:57+00:00,Kolkata,Kolkata,"RT @_Kuscubasi: 🔴 İsrail Ordusundan Bir Telefon: “Binayı Hemen Terk Edin.”
Sıradan bir bina değil, 5000 yıllık Gazze tarihi, mozaikler, ser…",22.5726459,88.3638953,Low
2025-09-20 12:02:57+00:00,Kolkata,Kolkata,"RT @fmcocolo765: SUPER EIGHT の丸山隆平と
　休日課長がオーガナイズする
　　ベースの日のイベント
THE BASS DAY 10th Anniversary
　　　　　　　Groove-Method LIVE
＼＼＼\ 東京・大阪で開催！/／／／…",22.5726459,88.3638953,High
2025-09-20 12:02:57+00:00,Kolkata,Kolkata,"RT @SatlokAshram: 💥 कलयुग में सतयुग की शुरुआत Part-2️💥

इस वीडियो में देखिए 🔥 चौंकाने वाले सबूत!
दिल्ली के अनाथ बच्चों से लेकर 🌊 बाढ़ पीड़ि…",22.5726459,88.3638953,High
2025-09-20 12:02:55+00:00,Kolkata,Kolkata,"RT @Millat_Times: मुंबई के मंम्बरा इलाके का एक वीडियो तेजी से वायरल हो रहा है, जिसमें मशहूर इंफ्लुएंसर मरज़िया शानू पठान तेज़ बारिश के बाव…",22.5726459,88.3638953,Medium
2025-09-20 12:02:55+00:00,Kolkata,Kolkata,"@alpha_defense All aside, buying f414 and f404 is a disaster, next move of Trump, will b banning &amp; stopping support for military hardware for India",22.5726459,88.3638953,High
2025-09-20 12:02:54+00:00,Kolkata,Kolkata,Evernight got me doing SWARM DISASTER things are ROUGH,22.5726459,88.3638953,High
2025-09-20 12:02:54+00:00,Kolkata,Kolkata,@FahadThoughts97 @RWMaloneMD @RetsefL @MartinKulldorff The value of vaccination of any type in this endemic phase for any age group is specious so why not opt for nuvaxovid as the safest option? Nuvaxovid is the only major story in the covid disaster that remains a mystery to me.,22.5726459,88.3638953,High
2025-09-20 12:02:53+00:00,Kolkata,Kolkata,"RT @rapplerdotcom: FLOOD CONTROL, NOT FUND CONTROL ✊

Thousands of protesters are expected to join rallies at Luneta and the People Power M…",22.5726459,88.3638953,High
2025-09-20 12:02:52+00:00,Kolkata,Kolkata,"RT @CDemanincor: 🚨  MUST WATCH!🚨
YOUR DIGITAL ASSETS SHOULD BE WORKING FOR YOU 👀 🤯
WE ARE ENTERING INTO A WALLET BASED SYTEM 💥
TRILLIONS OF…",22.5726459,88.3638953,High
2025-09-20 12:02:51+00:00,Kolkata,Kolkata,"RT @rajgarh_mamta1: ब्रेकिंग: रागा सुनामी 🔥

पर राहुल गांधी के एटम बम पार्ट-2 ने वोट चोरी पर सारे रिकॉर्ड तोड़ दिए हैं और 10 करोड़ व्यूज़…",22.5726459,88.3638953,Low
2025-09-20 12:02:50+00:00,Kolkata,Kolkata,"RT @afoc_official: 《リリース情報》

UNISON SQUARE GARDEN田淵智也
ソロカバーアルバム『田淵智也』
【2025年12月3日(水)リリース】

a flood of circleのDancing Zombiezをカヴァーしてくれました🧟…",22.5726459,88.3638953,Medium
2025-09-20 12:02:50+00:00,Kolkata,Kolkata,"RT @Currentreport1: Greek Prime Minister Mitsotakis:

A major humanitarian disaster is unfolding in Gaza, but I will not call it genocide,…",22.5726459,88.3638953,Low
2025-09-20 12:02:50+00:00,Kolkata,Kolkata,"RT @YazanXBT: Sidelined?

disASTER",22.5726459,88.3638953,Low
2025-09-20 12:02:47+00:00,Kolkata,Kolkata,"RT @fmcocolo765: SUPER EIGHT の丸山隆平と
　休日課長がオーガナイズする
　　ベースの日のイベント
THE BASS DAY 10th Anniversary
　　　　　　　Groove-Method LIVE
＼＼＼\ 東京・大阪で開催！/／／／…",22.5726459,88.3638953,High
2025-09-20 12:02:47+00:00,Kolkata,Kolkata,"RT @filmlerx: ""Yalnız"" izlenecek 25 film. İzlerken KALKTI MI İNMEZ 😉

Flood 🧵 https://t.co/R0pJbwGdnF",22.5726459,88.3638953,Low
2025-09-20 12:02:47+00:00,Kolkata,Kolkata,"RT @stonehenge2500: I RICHARD PLANTAGENET COMPLETE. https://t.co/D2p5aNcxri  

 Richard III in his own 1st person words. From the triumph a…",22.5726459,88.3638953,High
2025-09-20 12:02:47+00:00,Kolkata,Kolkata,"12. Insect-Sized Recon Drones

China unveiled a 1.3 cm-long insect drone — flapping wings, ultra-thin legs, and smartphone-controlled.

Designed for:

• Military surveillance
• Disaster response
• Air monitoring

Too small for long flights or heavy gear but shows where China’s https://t.co/R1DcLPU9jO",22.5726459,88.3638953,Low
2025-09-20 12:02:47+00:00,Kolkata,Kolkata,"RT @ABSCBNNews: 'TAMA NA.'

Sarah Geronimo speaks up about the state of corruption in the country amidst the probe into anomalous flood con…",22.5726459,88.3638953,0
2025-09-20 12:02:46+00:00,Kolkata,Kolkata,"RT @Nani______4: All Time Fastest 1cr advance gross in Hyderabad 😭💥💥🔥

Human Tsunami @PawanKalyan 🛐💀

#Theycallhimog https://t.co/uxwGmrX5q4",22.5726459,88.3638953,High
2025-09-20 12:02:46+00:00,Kolkata,Kolkata,"RT @SatlokAshram: 💥 कलयुग में सतयुग की शुरुआत Part-2️💥

इस वीडियो में देखिए 🔥 चौंकाने वाले सबूत!
दिल्ली के अनाथ बच्चों से लेकर 🌊 बाढ़ पीड़ि…",22.5726459,88.3638953,High
2025-09-20 12:02:46+00:00,Kolkata,Kolkata,"RT @greatervince: Zack Polanski is playing the right strategy. Flood the zone, be completely ubiquitous. Just keep appearing on social medi…",22.5726459,88.3638953,High
2025-09-20 12:02:45+00:00,Kolkata,Kolkata,"RT @afoc_official: 《リリース情報》

UNISON SQUARE GARDEN田淵智也
ソロカバーアルバム『田淵智也』
【2025年12月3日(水)リリース】

a flood of circleのDancing Zombiezをカヴァーしてくれました🧟…",22.5726459,88.3638953,Medium
2025-09-20 12:02:44+00:00,Kolkata,Kolkata,"RT @fmcocolo765: SUPER EIGHT の丸山隆平と
　休日課長がオーガナイズする
　　ベースの日のイベント
THE BASS DAY 10th Anniversary
　　　　　　　Groove-Method LIVE
＼＼＼\ 東京・大阪で開催！/／／／…",22.5726459,88.3638953,High
2025-09-20 12:02:43+00:00,Kolkata,Kolkata,"RT @IsraMum: I've been thinking about this a lot.
There's that tsunami coming. 

I'm not sure my family and I will come out unscathed, and…",22.5726459,88.3638953,High
2025-09-20 12:45:03+00:00,Visakhapatnam,Visakhapatnam,"बाढ़ प्रभावित क्षेत्रों में सबकी मदद।
जानने के लिए ज़रूर देखें कलयुग में सतयुग की शुरुआत Part 2” Factful Debates YouTube Channel पर।
Factful Debates YouTube Channel https://t.co/aVqeZxBQPW",17.6935526,83.2921297,High
2025-09-20 12:45:02+00:00,Visakhapatnam,Visakhapatnam,"#कलयुगमें_सतयुग_की_शुरआतPart2
कौन है जनता का, समाज का असली हितैषी?
कौन कर रहा है मुसीबत की घड़ी में, बाढ़ प्रभावित क्षेत्रों में सबकी मदद।
जानने के लिए ज़रूर देखें कलयुग में सतयुग की शुरुआत Part 2” Factful Debates YouTube Channel पर।
Factful Debates YouTube Channel👇 https://t.co/SXZ2t8ACJ9",17.6935526,83.2921297,High
2025-09-20 12:45:01+00:00,Visakhapatnam,Visakhapatnam,"RT @TonySeruga: America has been warned for decades.

Most have sat on their asses for far too long and soon it will be too late.

It alway…",17.6935526,83.2921297,High
2025-09-20 12:45:01+00:00,Visakhapatnam,Visakhapatnam,"#कलयुगमें_सतयुग_की_शुरआतPart2
कौन है जनता का, समाज का असली हितैषी?
कौन कर रहा है मुसीबत की घड़ी में, बाढ़ प्रभावित क्षेत्रों में सबकी मदद।
जानने के लिए ज़रूर देखें कलयुग में सतयुग की शुरुआत Part 2” Factful Debates YouTube Channel पर। https://t.co/IZdRb14BSB",17.6935526,83.2921297,High
2025-09-20 12:45:00+00:00,Visakhapatnam,Visakhapatnam,"RT @SaintRampalJiM: 💥 कलयुग में सतयुग की शुरुआत Part-2️💥

इस वीडियो में देखिए 🔥 चौंकाने वाले सबूत!
दिल्ली के अनाथ बच्चों से लेकर 🌊 बाढ़ पी…",17.6935526,83.2921297,Medium
2025-09-20 12:44:59+00:00,Visakhapatnam,Visakhapatnam,"पंजाब में भीषण बाढ़ को केंद्र ने ‘गंभीर प्रकृति की आपदा’ घोषित किया, 3 महीने के भीतर रिपोर्ट सौंपने का निर्देश #PunjabFloods 
https://t.co/RQKPqfDZWU",17.6935526,83.2921297,High
2025-09-20 12:44:58+00:00,Visakhapatnam,Visakhapatnam,"RT @dpsingh1313: पंजाब की तरफ जाने वाले मुहब्बत के लशकर और भाइचारे के कारवां रुकने का नाम ही नहीं ले रहे।

यूं लग रहा है जैसे मुसीबत की इस…",17.6935526,83.2921297,High
2025-09-20 12:44:58+00:00,Visakhapatnam,Visakhapatnam,"RT @panna_suhani: #कलयुगमें_सतयुग_की_शुरआतPart2
कौन है जनता का, समाज का असली हितैषी?
कौन कर रहा है मुसीबत की घड़ी में, बाढ़ प्रभावित क्षे…",17.6935526,83.2921297,Low
2025-09-20 12:44:58+00:00,Visakhapatnam,Visakhapatnam,"RT @simple_LivingR: कौन है जनता का, समाज का असली हितैषी⁉️
कौन कर रहा है मुसीबत की घड़ी में, बाढ़ प्रभावित क्षेत्रों में सबकी मदद। जानने के…",17.6935526,83.2921297,Medium
2025-09-20 12:44:58+00:00,Visakhapatnam,Visakhapatnam,"💎ライブ情報💎
2025.10.8(水) 渋谷サイクロン
SHIBUYA CYCLONE pre.

【出演】
Johnny Nasty Boots(UK)
Aqilla 
VENUS
barbarian

OPEN 18:00 | START 18:30
ADV ¥2500 | DOOR ¥2800(＋D)

チケット(販売中)
https://t.co/FIqjhabMkl

20:20～出演
サポート🥁かなへい https://t.co/KgGtCl7vAp",17.6935526,83.2921297,High
2025-09-20 12:44:58+00:00,Visakhapatnam,Visakhapatnam,"RT @RachnaAhirw5: #कलयुगमें_सतयुग_की_शुरआतPart2
 कौन है जनता का, समाज का असली हितैषी?
कौन कर रहा है मुसीबत की घड़ी में, बाढ़ प्रभावित क्षे…",17.6935526,83.2921297,Low
2025-09-20 12:44:58+00:00,Visakhapatnam,Visakhapatnam,"#कलयुगमें_सतयुग_की_शुरआतPart2
♦️कौन है जनता का, समाज का असली हितैषी?
कौन कर रहा है मुसीबत की घड़ी में, बाढ़ प्रभावित क्षेत्रों में सबकी मदद।
जानने के लिए ज़रूर देखें कलयुग में सतयुग की शुरुआत Part 2” Factful Debates YouTube Channel पर।
Factful Debates YouTube Channel https://t.co/FeMI96gbP7",17.6935526,83.2921297,High
2025-09-20 12:44:57+00:00,Visakhapatnam,Visakhapatnam,"RT @fmcocolo765: SUPER EIGHT の丸山隆平と
　休日課長がオーガナイズする
　　ベースの日のイベント
THE BASS DAY 10th Anniversary
　　　　　　　Groove-Method LIVE
＼＼＼\ 東京・大阪で開催！/／／／…",17.6935526,83.2921297,High
2025-09-20 12:44:57+00:00,Visakhapatnam,Visakhapatnam,"RT @SaintRampalJiM: 💥 कलयुग में सतयुग की शुरुआत Part-2️💥

इस वीडियो में देखिए 🔥 चौंकाने वाले सबूत!
दिल्ली के अनाथ बच्चों से लेकर 🌊 बाढ़ पी…",17.6935526,83.2921297,Medium
2025-09-20 12:44:57+00:00,Visakhapatnam,Visakhapatnam,"RT @VishnuShresth11: #कलयुगमें_सतयुग_की_शुरआतPart2

Factful Debates YouTube Channel

https://t.co/mH9FtLYD0b
कौन है जनता का, समाज का असली…",17.6935526,83.2921297,Low
2025-09-20 12:44:57+00:00,Visakhapatnam,Visakhapatnam,"#कलयुगमें_सतयुग_की_शुरुआतPart2
कौन है जनता का, समाज का असली हितैषी?
कौन कर रहा है मुसीबत की घड़ी में, बाढ़ प्रभावित क्षेत्रों में सबकी मदद।
जानने के लिए ज़रूर देखें कलयुग में सतयुग की शुरुआत Part 2” Factful Debates YouTube Channel पर।
Factful Debates YouTube Channel https://t.co/EypM90imN4",17.6935526,83.2921297,High
2025-09-20 12:44:57+00:00,Visakhapatnam,Visakhapatnam,"#कलयुगमें_सतयुग_की_शुरआतPart2
कौन है जनता का, समाज का असली हितैषी?
कौन कर रहा है मुसीबत की घड़ी में, बाढ़ प्रभावित क्षेत्रों में सबकी मदद।
जानने के लिए ज़रूर देखें कलयुग में सतयुग की शुरुआत Part 2” Factful Debates YouTube Channel पर।
Factful Debates YouTube https://t.co/qA62Ai8k7E",17.6935526,83.2921297,High
2025-09-20 12:44:57+00:00,Visakhapatnam,Visakhapatnam,"It's story time
Titled 👉 Ashes of a broken calabash.
Prologue 👉 The broken calabash.
At Adaora's wedding , the ceremonial calabash (meant to bless the union) dropped and shatters . The elders whispered,it is a bad omen , but the true disaster comes when her groom vanishes .",17.6935526,83.2921297,0
2025-09-20 12:44:56+00:00,Visakhapatnam,Visakhapatnam,"Some bonds are so deep they must be kept in the shadows, for to hold them close would be to invite disaster 🤍🐦‍🔥

#Eklavya #EklavyaTheRoyalGuard #AmitabhBachchan #SaifAliKhan #Cinema https://t.co/LBhduGsatP",17.6935526,83.2921297,High
2025-09-20 12:44:56+00:00,Visakhapatnam,Visakhapatnam,"RT @DainikBhaskar: #BhaskarInterview : सीएम भगवंत सिंह मान ने पंजाब में आई अब तक की सबसे बड़ी बाढ़, प्रवासियों को लेकर चल रहे विवाद जैसे मु…",17.6935526,83.2921297,High
2025-09-20 12:44:56+00:00,Visakhapatnam,Visakhapatnam,"#KajolInTheTrial_S2
#कलयुगमें_सतयुग_की_शुरआतPart2

Factful Debates YouTube Channel
कौन है समाज का असली हितैषी?
कौन कर रहा है मुसीबत की घड़ी में, बाढ़ प्रभावित क्षेत्रों में सबकी मदद।
जानने के लिए ज़रूर देखें कलयुग में सतयुग की शुरुआत Part 2” Factful Debates YouTube Channel पर। https://t.co/s4E2QsWhLU",17.6935526,83.2921297,High
2025-09-20 12:44:56+00:00,Visakhapatnam,Visakhapatnam,"#कलयुगमें_सतयुग_की_शुरआतPart2
कौन है जनता का, समाज का असली हितैषी?
कौन कर रहा है मुसीबत की घड़ी में, बाढ़ प्रभावित क्षेत्रों में सबकी मदद। https://t.co/ycLPEiZ9jt",17.6935526,83.2921297,Low
2025-09-20 12:44:56+00:00,Visakhapatnam,Visakhapatnam,"कौन है जनता का, समाज का असली हितैषी?
कौन कर रहा है मुसीबत की घड़ी में, बाढ़ प्रभावित क्षेत्रों में सबकी मदद।
जानने के लिए ज़रूर देखें कलयुग में सतयुग की शुरुआत Part 2” Factful Debates YouTube Channel पर।

#कलयुगमें_सतयुग_की_शुरुआतPart2

Factful Debates YouTube Channel https://t.co/bjgkydJwR0",17.6935526,83.2921297,High
2025-09-20 12:44:56+00:00,Visakhapatnam,Visakhapatnam,RT @Councillorsuzie: How dare he spend our money in this way when we have so many issues in our country that we need sorted out. This Labou…,17.6935526,83.2921297,High
2025-09-20 12:44:56+00:00,Visakhapatnam,Visakhapatnam,RT @Councillorsuzie: How dare he spend our money in this way when we have so many issues in our country that we need sorted out. This Labou…,17.6935526,83.2921297,High
2025-09-20 12:44:55+00:00,Visakhapatnam,Visakhapatnam,"RT @SunitaBharati1: #कलयुगमें_सतयुग_की_शुरआतPart2
कौन है जनता का, समाज का असली हितैषी?
कौन कर रहा है मुसीबत की घड़ी में, बाढ़ प्रभावित क्षे…",17.6935526,83.2921297,Low
2025-09-20 12:44:55+00:00,Visakhapatnam,Visakhapatnam,"#कलयुगमें_सतयुग_की_शुरआतPart2

कौन है जनता का, समाज का असली हितैषी?
कौन कर रहा है मुसीबत की घड़ी में, बाढ़ प्रभावित क्षेत्रों में सबकी मदद।
जानने के लिए ज़रूर देखें कलयुग में सतयुग की शुरुआत Part 2” Factful Debates YouTube Channel पर।

Factful Debates YouTube Channel",17.6935526,83.2921297,High
2025-09-20 12:44:55+00:00,Visakhapatnam,Visakhapatnam,"RT @SANewsChannelCG: 💥 कलयुग में सतयुग की शुरुआत Part-2️ 💥

इस वीडियो में देखिए 🔥 चौंकाने वाले सबूत!
दिल्ली के अनाथ बच्चों से लेकर 🌊 बाढ़…",17.6935526,83.2921297,High
2025-09-20 12:44:55+00:00,Visakhapatnam,Visakhapatnam,RT @japantimes: A NASA scientist has started a global rapid crop assessment center to field requests from places hit by disaster and confli…,17.6935526,83.2921297,High
2025-09-20 12:44:55+00:00,Visakhapatnam,Visakhapatnam,"RT @Sachindassatlok: कौन है जनता का, समाज का असली हितैषी?
कौन कर रहा है मुसीबत की घड़ी में, बाढ़ प्रभावित क्षेत्रों में सबकी मदद।
जानने के…",17.6935526,83.2921297,Low
2025-09-20 12:44:54+00:00,Visakhapatnam,Visakhapatnam,"RT @mr_mayank: BREAKING : RaGa Tsunami on 🔥

Rahul Gandhi’s Atom Bómb Part-2 on Vote Chori has broken all records &amp; crossed 100 million vie…",17.6935526,83.2921297,High
2025-09-20 12:44:54+00:00,Visakhapatnam,Visakhapatnam,RT @sanewsdelhi: 🔴 “महाराष्ट्र के सोलापुर ज़िले में राहत के कुछ दिन बाद फिर से भारी बारिश शुरू हो गई है। हालात बिगड़ने से सड़कों पर जलभराव…,17.6935526,83.2921297,High
2025-09-20 12:44:53+00:00,Visakhapatnam,Visakhapatnam,"RT @Jageshw83642789: #कलयुगमें_सतयुग_की_शुरआतPart2
कौन है जनता का, समाज का असली हितैषी?
कौन कर रहा है मुसीबत की घड़ी में, बाढ़ प्रभावित…",17.6935526,83.2921297,Low
2025-09-20 12:44:53+00:00,Visakhapatnam,Visakhapatnam,"RT @PhilippineStar: Not just flood control projects, but even classrooms built by the Department of Public Works and Highways (DPWH) were f…",17.6935526,83.2921297,Low
2025-09-20 12:44:53+00:00,Visakhapatnam,Visakhapatnam,"कौन है जनता का, समाज का असली हितैषी⁉️
कौन कर रहा है मुसीबत की घड़ी में, बाढ़ प्रभावित क्षेत्रों में सबकी मदद। जानने के लिए ज़रूर देखें #कलयुगमें_सतयुग_की_शुरआतPart2 ” Factful Debates YouTube Channel पर।",17.6935526,83.2921297,High
2025-09-20 12:44:53+00:00,Visakhapatnam,Visakhapatnam,"@TheShawnHendrix #कलयुगमें_सतयुग_की_शुरआतPart2

Factful Debates YouTube Channel
♦️कौन है जनता का, समाज का असली हितैषी?
कौन कर रहा है मुसीबत की घड़ी में, बाढ़ प्रभावित क्षेत्रों में सबकी मदद।
जानने के लिए ज़रूर देखें कलयुग में सतयुग की शुरुआत Part 2” Factful Debates YouTube Channel पर। https://t.co/XLbwZqN8tl",17.6935526,83.2921297,High
2025-09-20 12:44:53+00:00,Visakhapatnam,Visakhapatnam,"#कलयुगमें_सतयुग_की_शुरआतPart2
कौन है जनता का, समाज का असली हितैषी?
कौन कर रहा है मुसीबत की घड़ी में, बाढ़ प्रभावित क्षेत्रों में सबकी मदद।
जानने के लिए ज़रूर देखें कलयुग में सतयुग की शुरुआत Part 2” Factful Debates YouTube Channel पर।
https://t.co/rAe4pPnhhg",17.6935526,83.2921297,High
2025-09-20 12:44:53+00:00,Visakhapatnam,Visakhapatnam,"RT @RepDonBacon: WSJ: “The real reason for Russia’s war on Ukraine is that a free, prosperous Ukraine would expose the disaster of Putin’s…",17.6935526,83.2921297,High
2025-09-20 12:44:53+00:00,Visakhapatnam,Visakhapatnam,"RT @memleketyoutube: Sayın REİS SEDAT PEKER, kitaplara olan ilgisi ve okuma alışkanlığıyla da dikkat çeken bir isimdir.

Videolarında gördü…",17.6935526,83.2921297,Medium
2025-09-20 12:44:53+00:00,Visakhapatnam,Visakhapatnam,"@Basil_TGMD I find it extraordinary that a Government can commit to spending £billions with no reference to those who ultimately bear the burden financially ie the taxpayers. 

This is the disaster in Labour having won such a gigantic majority. There's simply NO opposition in Parliament!",17.6935526,83.2921297,High
2025-09-20 12:44:52+00:00,Visakhapatnam,Visakhapatnam,"RT @fmcocolo765: SUPER EIGHT の丸山隆平と
　休日課長がオーガナイズする
　　ベースの日のイベント
THE BASS DAY 10th Anniversary
　　　　　　　Groove-Method LIVE
＼＼＼\ 東京・大阪で開催！/／／／…",17.6935526,83.2921297,High
2025-09-20 12:44:52+00:00,Visakhapatnam,Visakhapatnam,"RT @simple_LivingR: कौन है जनता का, समाज का असली हितैषी⁉️
कौन कर रहा है मुसीबत की घड़ी में, बाढ़ प्रभावित क्षेत्रों में सबकी मदद। जानने के…",17.6935526,83.2921297,Medium
2025-09-20 12:44:52+00:00,Visakhapatnam,Visakhapatnam,"RT @SaintRampalJiM: 💥 कलयुग में सतयुग की शुरुआत Part-2️💥

इस वीडियो में देखिए 🔥 चौंकाने वाले सबूत!
दिल्ली के अनाथ बच्चों से लेकर 🌊 बाढ़ पी…",17.6935526,83.2921297,Medium
2025-09-20 12:44:51+00:00,Visakhapatnam,Visakhapatnam,"RT @panna_suhani: #कलयुगमें_सतयुग_की_शुरआतPart2
कौन है जनता का, समाज का असली हितैषी?
कौन कर रहा है मुसीबत की घड़ी में, बाढ़ प्रभावित क्षे…",17.6935526,83.2921297,Low
2025-09-20 12:44:51+00:00,Visakhapatnam,Visakhapatnam,"RT @duleshwarp14: #कलयुगमें_सतयुग_की_शुरआतPart2
📚 📚
Who is the real well-wisher of society and the people?
Who is standing with everyone du…",17.6935526,83.2921297,Medium
2025-09-20 12:44:50+00:00,Visakhapatnam,Visakhapatnam,"#कलयुगमें_सतयुग_की_शुरआतPart2
कौन है जनता का, समाज का असली हितैषी?
कौन कर रहा है मुसीबत की घड़ी में, बाढ़ प्रभावित क्षेत्रों में सबकी मदद।
जानने के लिए ज़रूर देखें कलयुग में सतयुग की शुरुआत Part 2” Factful Debates YouTube Channel पर।
Factful Debates YouTube https://t.co/ykuYnBQFhz",17.6935526,83.2921297,High
2025-09-20 12:44:50+00:00,Visakhapatnam,Visakhapatnam,"RT @VinodYa46486826: #कलयुगमें_सतयुग_की_शुरआतPart2
कौन है जनता का, समाज का असली हितैषी?
कौन कर रहा है मुसीबत की घड़ी में, बाढ़ प्रभावित…",17.6935526,83.2921297,Low
2025-09-20 12:44:49+00:00,Visakhapatnam,Visakhapatnam,"RT @Tikina581888: #कलयुगमें_सतयुग_की_शुरआतPart2
कौन है जनता का, समाज का असली हितैषी?
कौन कर रहा है मुसीबत की घड़ी में, बाढ़ प्रभावित क्षे…",17.6935526,83.2921297,Low
2025-09-20 12:44:49+00:00,Visakhapatnam,Visakhapatnam,"#कलयुगमें_सतयुग_की_शुरआतPart2
कौन है जनता का, समाज का असली हितैषी?
कौन कर रहा है मुसीबत की घड़ी में, बाढ़ प्रभावित क्षेत्रों में सबकी मदद।
जानने के लिए ज़रूर देखें कलयुग में सतयुग की शुरुआत Part 2” Factful Debates YouTube Channel पर।
Factful Debates YouTube Channel https://t.co/UsYmrSr6wY",17.6935526,83.2921297,High
2025-09-20 12:44:49+00:00,Visakhapatnam,Visakhapatnam,"Latest AI News (Sept 15–20, 2025)

1/ Fake AI doctors flood YouTube 🇯🇵

Japan warns these deepfake med videos may break laws.

🔗https://t.co/hNzUpKFTQ6

2/ Oracle–Meta $20B AI cloud deal ☁️

Oracle in talks to power Meta’s massive AI workloads.

🔗https://t.co/Erun1IdomC

3/ AI",17.6935526,83.2921297,High
2025-09-20 12:44:48+00:00,Visakhapatnam,Visakhapatnam,"RT @duleshwarp14: #कलयुगमें_सतयुग_की_शुरआतPart2
📚 📚
Who is the real well-wisher of society and the people?
Who is standing with everyone du…",17.6935526,83.2921297,Medium
2025-09-20 12:44:48+00:00,Visakhapatnam,Visakhapatnam,Remote is so much more doable than 10-15 years ago.  This is actually a boost for a softening tech job market in India as offshoring will only increase. What it is a disaster for is the areas where all the H1Bs were spending money and their spouses were practising medicine. India https://t.co/qazAt9Pnk0,17.6935526,83.2921297,High
2025-09-20 12:44:47+00:00,Visakhapatnam,Visakhapatnam,RT @AnnapurnaMuhim: अन्नपूर्णा मुहिम के तहत बाढ़ पीड़ितों की लगातार मदद की जा रही है संत रामपाल जी महाराज की दया से | https://t.co/eXfqWLrf…,17.6935526,83.2921297,High
2025-09-20 12:44:47+00:00,Visakhapatnam,Visakhapatnam,"RT @SatlokChannel: लितानी गाँव बाढ़ से तबाह हो रहा था। गांववालों को उम्मीद थी केवल 500 फीट पाइप की, पर संत रामपाल जी महाराज ने भेजी 15,000…",17.6935526,83.2921297,High
2025-09-20 12:44:46+00:00,Visakhapatnam,Visakhapatnam,"RT @Deepika39632070: #कलयुगमें_सतयुग_की_शुरआतPart2
कौन है जनता का, समाज का असली हितैषी?
कौन कर रहा है मुसीबत की घड़ी में, बाढ़ प्रभावित…",17.6935526,83.2921297,Low
2025-09-20 12:44:46+00:00,Visakhapatnam,Visakhapatnam,RT @Councillorsuzie: How dare he spend our money in this way when we have so many issues in our country that we need sorted out. This Labou…,17.6935526,83.2921297,High
2025-09-20 12:44:45+00:00,Visakhapatnam,Visakhapatnam,"RT @SATrueStory: 💥 कलयुग में सतयुग की शुरुआत Part-2️💥

इस वीडियो में देखिए 🔥 चौंकाने वाले सबूत!
दिल्ली के अनाथ बच्चों से लेकर 🌊 बाढ़ पीड़ित…",17.6935526,83.2921297,High
2025-09-20 12:44:45+00:00,Visakhapatnam,Visakhapatnam,"#कलयुगमें_सतयुग_की_शुरआतPart2
कौन है जनता का, समाज का असली हितैषी?
कौन कर रहा है मुसीबत की घड़ी में, बाढ़ प्रभावित क्षेत्रों में सबकी मदद।
Factful Debates YouTube Channel https://t.co/01xQclPRcM",17.6935526,83.2921297,High
2025-09-20 12:44:45+00:00,Visakhapatnam,Visakhapatnam,"RT @Diksha_riya: #कलयुगमें_सतयुग_की_शुरआतPart2
कौन है जनता का, समाज का असली हितैषी?
कौन कर रहा है मुसीबत की घड़ी में, बाढ़ प्रभावित क्षे…",17.6935526,83.2921297,Low
2025-09-20 12:44:45+00:00,Visakhapatnam,Visakhapatnam,"RT @rohitmahto6204: #कलयुगमें_सतयुग_की_शुरआतPart2
🌾🌾
Who is the real well-wisher of society and the people?
Who is standing with everyone d…",17.6935526,83.2921297,Medium
2025-09-20 12:44:44+00:00,Visakhapatnam,Visakhapatnam,"#कलयुगमें_सतयुग_की_शुरआतPart2
कौन है जनता का, समाज का असली हितैषी?
कौन कर रहा है मुसीबत की घड़ी में, बाढ़ प्रभावित क्षेत्रों में सबकी मदद।
जानने के लिए ज़रूर देखें कलयुग में सतयुग की शुरुआत Part 2” 
Factful Debates YouTube Channel

https://t.co/82uUTCyg8n… https://t.co/RPocBBm4SM",17.6935526,83.2921297,High
2025-09-20 12:44:44+00:00,Visakhapatnam,Visakhapatnam,"RT @AnnapurnaMuhim: पंजाब में बाढ़ में फसे लोगो तक पहुंची मदद | #PunjabiNews

#annpurnamuhimby_santrampalji #annapurna #santrampalji #annap…",17.6935526,83.2921297,Low
2025-09-20 12:44:44+00:00,Visakhapatnam,Visakhapatnam,"RT @Atulkum78266272: #कलयुगमें_सतयुग_की_शुरआतPart2
कौन है जनता का, समाज का असली हितैषी?
कौन कर रहा है मुसीबत की घड़ी में, बाढ़ प्रभावित…",17.6935526,83.2921297,High
2025-09-20 12:44:44+00:00,Visakhapatnam,Visakhapatnam,"RT @RahJeene: #कलयुगमें_सतयुग_की_शुरआतPart2
कौन है जनता का, समाज का असली हितैषी?
कौन कर रहा है मुसीबत की घड़ी में, बाढ़ प्रभावित क्षेत्रों…",17.6935526,83.2921297,Low
2025-09-20 12:44:44+00:00,Visakhapatnam,Visakhapatnam,"RT @fmcocolo765: SUPER EIGHT の丸山隆平と
　休日課長がオーガナイズする
　　ベースの日のイベント
THE BASS DAY 10th Anniversary
　　　　　　　Groove-Method LIVE
＼＼＼\ 東京・大阪で開催！/／／／…",17.6935526,83.2921297,High
2025-09-20 12:44:44+00:00,Visakhapatnam,Visakhapatnam,"RT @SaintRampalJiM: 💥 कलयुग में सतयुग की शुरुआत Part-2️💥

इस वीडियो में देखिए 🔥 चौंकाने वाले सबूत!
दिल्ली के अनाथ बच्चों से लेकर 🌊 बाढ़ पी…",17.6935526,83.2921297,Medium
2025-09-20 12:44:43+00:00,Visakhapatnam,Visakhapatnam,"RT @PawanKu67788510: #कलयुगमें_सतयुग_की_शुरआतPart2
कौन है जनता का, समाज का असली हितैषी?
कौन कर रहा है मुसीबत की घड़ी में, बाढ़ प्रभावित…",17.6935526,83.2921297,High
2025-09-20 12:44:43+00:00,Visakhapatnam,Visakhapatnam,"RT @neetu_dasi_109: #कलयुगमें_सतयुग_की_शुरआतPart2
कौन है जनता का, समाज का असली हितैषी ? कौन कर रहा है मुसीबत की घड़ी में, बाढ़ प्रभावित…",17.6935526,83.2921297,Low
2025-09-20 12:44:43+00:00,Visakhapatnam,Visakhapatnam,"RT @SatlokAshram: 💥 कलयुग में सतयुग की शुरुआत Part-2️💥

इस वीडियो में देखिए 🔥 चौंकाने वाले सबूत!
दिल्ली के अनाथ बच्चों से लेकर 🌊 बाढ़ पीड़ि…",17.6935526,83.2921297,High
2025-09-20 12:44:43+00:00,Visakhapatnam,Visakhapatnam,"RT @SatlokChannel: लितानी गाँव बाढ़ से तबाह हो रहा था। गांववालों को उम्मीद थी केवल 500 फीट पाइप की, पर संत रामपाल जी महाराज ने भेजी 15,000…",17.6935526,83.2921297,High
2025-09-20 12:44:43+00:00,Visakhapatnam,Visakhapatnam,"#कलयुगमें_सतयुग_की_शुरआतPart2
कौन है जनता का, समाज का असली हितैषी?
कौन कर रहा है मुसीबत की घड़ी में, बाढ़ प्रभावित क्षेत्रों में सबकी मदद।
Factful Debates YouTube Channel https://t.co/Q20VUY5ecP",17.6935526,83.2921297,High
2025-09-20 12:44:42+00:00,Visakhapatnam,Visakhapatnam,"RT @Millat_Times: मुंबई के मंम्बरा इलाके का एक वीडियो तेजी से वायरल हो रहा है, जिसमें मशहूर इंफ्लुएंसर मरज़िया शानू पठान तेज़ बारिश के बाव…",17.6935526,83.2921297,Medium
2025-09-20 12:44:41+00:00,Visakhapatnam,Visakhapatnam,"RT @Narendracheema1: #कलयुगमें_सतयुग_की_शुरआतPart2
कौन है जनता का, समाज का असली हितैषी ?

कौन कर रहा है मुसीबत की घड़ी में, बाढ़ प्रभावित…",17.6935526,83.2921297,Low
2025-09-20 12:44:41+00:00,Visakhapatnam,Visakhapatnam,RT @SatlokChannel: बाढ़ पीड़ित गाँव में लगातार मदद की जा रही है | #flood #punjab https://t.co/kmEaYCb0vh,17.6935526,83.2921297,Low
2025-09-20 12:44:41+00:00,Visakhapatnam,Visakhapatnam,"RT @Shyamtannu: #कलयुगमें_सतयुग_की_शुरआतPart2

Factful Debates YouTube Channel
कौन है जनता का, समाज का असली हितैषी?
कौन कर रहा है मुसीबत की…",17.6935526,83.2921297,High
2025-09-20 12:44:40+00:00,Visakhapatnam,Visakhapatnam,"@elonmusk #कलयुगमें_सतयुग_की_शुरआतPart2

Factful Debates YouTube Channel
♦️कौन है जनता का, समाज का असली हितैषी?
कौन कर रहा है मुसीबत की घड़ी में, बाढ़ प्रभावित क्षेत्रों में सबकी मदद।
जानने के लिए ज़रूर देखें कलयुग में सतयुग की शुरुआत Part 2” Factful Debates YouTube Channel पर। https://t.co/4EUiNfLCJM",17.6935526,83.2921297,High
2025-09-20 12:44:40+00:00,Visakhapatnam,Visakhapatnam,"RT @sanewsdelhi: 🌊 बाढ़ से जूझते मण्ढ़ाणा गाँव को संत रामपाल जी महाराज का साथ मिला 🙌 ₹20 लाख⭐✨+ की मदद 

📌🙏 गाँववालों ने संत रामपाल जी महा…",17.6935526,83.2921297,High
2025-09-20 12:44:39+00:00,Visakhapatnam,Visakhapatnam,"RT @duleshwarp14: #कलयुगमें_सतयुग_की_शुरआतPart2
📚 📚
Who is the real well-wisher of society and the people?
Who is standing with everyone du…",17.6935526,83.2921297,Medium
2025-09-20 12:44:39+00:00,Visakhapatnam,Visakhapatnam,"RT @RJDforIndia: लगातार जुट रही जन सुनामी का है यह संदेश!
#तेजस्वी_सरकार से ही बिहार बनेगा अग्रणी प्रदेश!!

#बिहार_अधिकार_यात्रा 
@yadavtej…",17.6935526,83.2921297,High
2025-09-20 12:44:38+00:00,Visakhapatnam,Visakhapatnam,"RT @Anurag1995276: #कलयुगमें_सतयुग_की_शुरआतPart2
कौन है जनता का, समाज का असली हितैषी?
कौन कर रहा है मुसीबत की घड़ी में, बाढ़ प्रभावित क्षे…",17.6935526,83.2921297,Low
2025-09-20 12:44:38+00:00,Visakhapatnam,Visakhapatnam,"#कलयुगमें_सतयुग_की_शुरआतPart2
कौन है जनता का, समाज का असली हितैषी?
कौन कर रहा है मुसीबत की घड़ी में, बाढ़ प्रभावित क्षेत्रों में सबकी मदद।
जानने के लिए ज़रूर देखें कलयुग में सतयुग की शुरुआत Part 2” Factful Debates YouTube Channel पर।
Factful Debates YouTube Channel",17.6935526,83.2921297,High
2025-09-20 12:44:38+00:00,Visakhapatnam,Visakhapatnam,"RT @duleshwarp14: #कलयुगमें_सतयुग_की_शुरआतPart2
📚 📚
Who is the real well-wisher of society and the people?
Who is standing with everyone du…",17.6935526,83.2921297,Medium
2025-09-20 12:44:37+00:00,Visakhapatnam,Visakhapatnam,"RT @sadelhimundka: संत रामपाल जी महाराज ने बाढ़ पीड़ितों को बहुत राहत पहुंचाई।
 हरियाणा के लगभग 10 गांव को संत रामपाल जी महाराज ने बाढ़ से…",17.6935526,83.2921297,High
2025-09-20 12:44:37+00:00,Visakhapatnam,Visakhapatnam,RT @SatlokChannel: बाढ़ पीड़ित गाँव में लगातार मदद की जा रही है | #flood #punjab https://t.co/kmEaYCb0vh,17.6935526,83.2921297,Low
2025-09-20 12:44:36+00:00,Visakhapatnam,Visakhapatnam,"RT @satlokmarg001: #कलयुगमें_सतयुग_की_शुरआतPart2
♦️कौन है जनता का, असली हितैषीसमाज का?
कौन कर रहा है मुसीबत की घड़ी में, बाढ़ प्रभावित क्षे…",17.6935526,83.2921297,Low
2025-09-20 12:44:36+00:00,Visakhapatnam,Visakhapatnam,"@RiskyDave @BreannaMorello The US did not directly fund Al-Qaeda, which formed in 1988. However, through Operation Cyclone (1979-1989), the CIA provided billions in aid to Afghan mujahideen fighting the Soviets, including groups linked to Osama bin Laden. Some of this support indirectly benefited networks",17.6935526,83.2921297,High
2025-09-20 12:44:36+00:00,Visakhapatnam,Visakhapatnam,"RT @rohitmahto6204: #कलयुगमें_सतयुग_की_शुरआतPart2
🌾🌾
Who is the real well-wisher of society and the people?
Who is standing with everyone d…",17.6935526,83.2921297,Medium
2025-09-20 12:44:36+00:00,Visakhapatnam,Visakhapatnam,"RT @RealGyan15823: #कलयुगमें_सतयुग_की_शुरआतPart2

♦️कौन है जनता का, समाज का असली हितैषी?
कौन कर रहा है मुसीबत की घड़ी में, बाढ़ प्रभावित…",17.6935526,83.2921297,Low
2025-09-20 12:44:35+00:00,Visakhapatnam,Visakhapatnam,"ताबड़तोड़ फॉलोवर्स की बारिश शुरू है🔥

अभी करो फॉलो 👉 @sarcasm1974
                         👉 @anu88608

जो रिट्वीट करेगा, उससे कनेक्ट होना ना भूलो 🤝

कमेंट में लिख के बताओ अगला नंबर किसका लगाऊं ?",17.6935526,83.2921297,High
2025-09-20 12:44:35+00:00,Visakhapatnam,Visakhapatnam,"RT @fmcocolo765: SUPER EIGHT の丸山隆平と
　休日課長がオーガナイズする
　　ベースの日のイベント
THE BASS DAY 10th Anniversary
　　　　　　　Groove-Method LIVE
＼＼＼\ 東京・大阪で開催！/／／／…",17.6935526,83.2921297,High
2025-09-20 12:44:35+00:00,Visakhapatnam,Visakhapatnam,"RT @Manjudasi5505: #कलयुगमें_सतयुग_की_शुरआतPart2
👉कौन है जनता का, समाज का असली हितैषी?
कौन कर रहा है मुसीबत की घड़ी में, बाढ़ प्रभावित क्षे…",17.6935526,83.2921297,Low
2025-09-20 12:44:34+00:00,Visakhapatnam,Visakhapatnam,"@nesgrego A father who lost his 22-year-old son in #Tempi asks: what did I bury?
DNA samples destroyed after 40 days. No answers. Only pain.

And yet troll farms flood the web calling him “political.”
This isn’t politics. This is propaganda against grief itself.

#Tempi  #HumanRights",17.6935526,83.2921297,High
2025-09-20 12:44:34+00:00,Visakhapatnam,Visakhapatnam,RT @NavbharatTimes: उत्तराखंड में पिछले कई दिनों से एक के बाद एक प्राकृतिक आपदा आई हुई हैं. इससे लोगों को काफी ज्यादा परेशानी हो रही है. श…,17.6935526,83.2921297,High
2025-09-20 12:44:34+00:00,Visakhapatnam,Visakhapatnam,RT @TegidRoberts: Can you imagine Reform/Tory grifters running Wales? It would be an absolute disaster. We vote for them at our peril. Most…,17.6935526,83.2921297,High
2025-09-20 12:44:34+00:00,Visakhapatnam,Visakhapatnam,"RT @Mohan9784778419: #कलयुगमें_सतयुग_की_शुरआतPart2
कौन है जनता का, समाज का असली हितैषी?
कौन कर रहा है मुसीबत की घड़ी में, बाढ़ प्रभावित…",17.6935526,83.2921297,High
2025-09-20 12:44:33+00:00,Visakhapatnam,Visakhapatnam,"RT @AlkhidrIsKabir: कौन है जनता का, समाज का असली हितैषी?
कौन कर रहा है मुसीबत की घड़ी में, बाढ़ प्रभावित क्षेत्रों में सबकी मदद।
जानने के…",17.6935526,83.2921297,Low
2025-09-20 12:44:33+00:00,Visakhapatnam,Visakhapatnam,"#कलयुगमें_सतयुग_की_शुरआतPart2
♦️कौन है जनता का, समाज का असली हितैषी?
कौन कर रहा है मुसीबत की घड़ी में, बाढ़ प्रभावित क्षेत्रों में सबकी मदद।
जानने के लिए ज़रूर देखें कलयुग में सतयुग की शुरुआत Part 2” Factful Debates YouTube Channel पर।
Factful Debates YouTube Channel https://t.co/epvEBTxmGD",17.6935526,83.2921297,High
2025-09-20 12:44:33+00:00,Visakhapatnam,Visakhapatnam,"RT @rohitmahto6204: #कलयुगमें_सतयुग_की_शुरआतPart2
🌾🌾
Who is the real well-wisher of society and the people?
Who is standing with everyone d…",17.6935526,83.2921297,Medium
2025-09-20 12:44:33+00:00,Visakhapatnam,Visakhapatnam,"#कलयुगमें_सतयुग_की_शुरआतPart2
कौन है जनता का, समाज का असली हितैषी?
कौन कर रहा है मुसीबत की घड़ी में, बाढ़ प्रभावित क्षेत्रों में सबकी मदद।
जानने के लिए ज़रूर देखें कलयुग में सतयुग की शुरुआत Part 2” Factful Debates YouTube Channel पर।

https://t.co/hZXlVG4C9Q https://t.co/jprx2uU5K2",17.6935526,83.2921297,High
